Pred_velo,Prey_velo,PredN,PreyN,Speed,Prey_vis,Pred_vis,Encounter,Enc_sd
0.0001,1.0e-6,100,25,100.00000000000001,0.0,0.5,131.7,6.1472667819844045
0.0001,1.0e-6,100,50,100.00000000000001,0.0,0.5,218.2,15.36084488417078
0.0001,1.0e-6,100,75,100.00000000000001,0.0,0.5,293.7,16.50622778091819
0.0001,1.0e-6,100,100,100.00000000000001,0.0,0.5,353.1,10.32203683603408
0.0001,1.0e-6,100,200,100.00000000000001,0.0,0.5,491.0,10.1762250149825
0.0001,1.0e-6,100,300,100.00000000000001,0.0,0.5,578.4,14.151560573543353
0.0001,1.0e-6,100,400,100.00000000000001,0.0,0.5,625.7,18.147849581822204
0.0001,1.0e-6,100,500,100.00000000000001,0.0,0.5,675.5,22.78035215804278
0.0001,1.0e-6,100,600,100.00000000000001,0.0,0.5,701.7,14.682188755995021
0.0001,1.0e-6,100,700,100.00000000000001,0.0,0.5,739.4,16.594510471170214
0.0001,1.0e-6,100,800,100.00000000000001,0.0,0.5,744.1,15.343836982102403
0.0001,1.0e-6,100,900,100.00000000000001,0.0,0.5,771.5,16.886878535320456
0.0001,1.0e-6,100,25,100.00000000000001,0.0001,0.5,125.0,7.52772652709081
0.0001,1.0e-6,100,50,100.00000000000001,0.0001,0.5,216.6,12.833982667555349
0.0001,1.0e-6,100,75,100.00000000000001,0.0001,0.5,288.6,15.791699648162567
0.0001,1.0e-6,100,100,100.00000000000001,0.0001,0.5,345.2,16.804761230080004
0.0001,1.0e-6,100,200,100.00000000000001,0.0001,0.5,487.2,16.691980775876246
0.0001,1.0e-6,100,300,100.00000000000001,0.0001,0.5,569.2,20.746083967823903
0.0001,1.0e-6,100,400,100.00000000000001,0.0001,0.5,624.4,16.84042754801671
0.0001,1.0e-6,100,500,100.00000000000001,0.0001,0.5,669.6,27.52453451014204
0.0001,1.0e-6,100,600,100.00000000000001,0.0001,0.5,698.7,16.533131719200824
0.0001,1.0e-6,100,700,100.00000000000001,0.0001,0.5,732.6,14.19076381939245
0.0001,1.0e-6,100,800,100.00000000000001,0.0001,0.5,756.2,16.382917933017914
0.0001,1.0e-6,100,900,100.00000000000001,0.0001,0.5,764.7,12.293177873203584
0.0001,1.0e-6,100,25,100.00000000000001,0.001,0.5,124.5,5.104464277037851
0.0001,1.0e-6,100,50,100.00000000000001,0.001,0.5,219.4,14.017449443065201
0.0001,1.0e-6,100,75,100.00000000000001,0.001,0.5,287.9,16.53581970551606
0.0001,1.0e-6,100,100,100.00000000000001,0.001,0.5,344.2,12.585706178041818
0.0001,1.0e-6,100,200,100.00000000000001,0.001,0.5,491.9,17.381024135533558
0.0001,1.0e-6,100,300,100.00000000000001,0.001,0.5,570.5,11.881357947081076
0.0001,1.0e-6,100,400,100.00000000000001,0.001,0.5,629.7,18.52355857340112
0.0001,1.0e-6,100,500,100.00000000000001,0.001,0.5,666.5,21.839057773732925
0.0001,1.0e-6,100,600,100.00000000000001,0.001,0.5,696.7,12.702143301208833
0.0001,1.0e-6,100,700,100.00000000000001,0.001,0.5,720.2,16.067911431725584
0.0001,1.0e-6,100,800,100.00000000000001,0.001,0.5,746.8,15.583467022599445
0.0001,1.0e-6,100,900,100.00000000000001,0.001,0.5,760.2,13.669105473455256
0.0001,1.0e-6,100,25,100.00000000000001,0.025,0.5,126.5,9.935905707192587
0.0001,1.0e-6,100,50,100.00000000000001,0.025,0.5,217.8,13.472605951007068
0.0001,1.0e-6,100,75,100.00000000000001,0.025,0.5,286.2,14.634813896246778
0.0001,1.0e-6,100,100,100.00000000000001,0.025,0.5,349.1,13.36205240389531
0.0001,1.0e-6,100,200,100.00000000000001,0.025,0.5,488.9,21.0684071011023
0.0001,1.0e-6,100,300,100.00000000000001,0.025,0.5,568.5,13.226656586017665
0.0001,1.0e-6,100,400,100.00000000000001,0.025,0.5,624.3,24.28099393901878
0.0001,1.0e-6,100,500,100.00000000000001,0.025,0.5,660.4,14.182931839205727
0.0001,1.0e-6,100,600,100.00000000000001,0.025,0.5,687.0,15.376750126227728
0.0001,1.0e-6,100,700,100.00000000000001,0.025,0.5,725.8,9.647106647418521
0.0001,1.0e-6,100,800,100.00000000000001,0.025,0.5,742.1,24.8705537623199
0.0001,1.0e-6,100,900,100.00000000000001,0.025,0.5,756.1,8.04777401935881
0.0001,1.0e-6,100,25,100.00000000000001,0.05,0.5,127.3,6.429964575675705
0.0001,1.0e-6,100,50,100.00000000000001,0.05,0.5,215.2,9.784341231443909
0.0001,1.0e-6,100,75,100.00000000000001,0.05,0.5,288.7,9.54579604968712
0.0001,1.0e-6,100,100,100.00000000000001,0.05,0.5,344.8,14.838388651662207
0.0001,1.0e-6,100,200,100.00000000000001,0.05,0.5,484.3,15.129441496631657
0.0001,1.0e-6,100,300,100.00000000000001,0.05,0.5,576.2,27.24293996208518
0.0001,1.0e-6,100,400,100.00000000000001,0.05,0.5,625.0,15.804359454839597
0.0001,1.0e-6,100,500,100.00000000000001,0.05,0.5,657.7,17.340062796246666
0.0001,1.0e-6,100,600,100.00000000000001,0.05,0.5,688.5,16.80773631397161
0.0001,1.0e-6,100,700,100.00000000000001,0.05,0.5,723.3,19.83851472935075
0.0001,1.0e-6,100,800,100.00000000000001,0.05,0.5,747.8,21.353115827802636
0.0001,1.0e-6,100,900,100.00000000000001,0.05,0.5,754.2,15.490498880137965
0.0001,1.0e-6,100,25,100.00000000000001,0.075,0.5,126.5,8.631338250816034
0.0001,1.0e-6,100,50,100.00000000000001,0.075,0.5,215.6,12.816655830077776
0.0001,1.0e-6,100,75,100.00000000000001,0.075,0.5,285.3,10.883728936148474
0.0001,1.0e-6,100,100,100.00000000000001,0.075,0.5,344.7,17.486820433940785
0.0001,1.0e-6,100,200,100.00000000000001,0.075,0.5,493.6,19.794499797222013
0.0001,1.0e-6,100,300,100.00000000000001,0.075,0.5,568.8,16.12313727397852
0.0001,1.0e-6,100,400,100.00000000000001,0.075,0.5,619.4,10.276186062932103
0.0001,1.0e-6,100,500,100.00000000000001,0.075,0.5,661.8,16.578433111860853
0.0001,1.0e-6,100,600,100.00000000000001,0.075,0.5,693.4,16.833828375559072
0.0001,1.0e-6,100,700,100.00000000000001,0.075,0.5,723.5,18.130698337963217
0.0001,1.0e-6,100,800,100.00000000000001,0.075,0.5,741.9,12.34188892439979
0.0001,1.0e-6,100,900,100.00000000000001,0.075,0.5,763.0,20.493901531919196
0.0001,1.0e-6,100,25,100.00000000000001,0.1,0.5,131.5,8.209073570683167
0.0001,1.0e-6,100,50,100.00000000000001,0.1,0.5,227.4,8.934328302800509
0.0001,1.0e-6,100,75,100.00000000000001,0.1,0.5,286.3,14.560601330683808
0.0001,1.0e-6,100,100,100.00000000000001,0.1,0.5,348.8,8.638415492567036
0.0001,1.0e-6,100,200,100.00000000000001,0.1,0.5,490.9,17.797939955698993
0.0001,1.0e-6,100,300,100.00000000000001,0.1,0.5,564.9,16.68965081852956
0.0001,1.0e-6,100,400,100.00000000000001,0.1,0.5,633.5,12.563173696695168
0.0001,1.0e-6,100,500,100.00000000000001,0.1,0.5,653.1,12.386820953470398
0.0001,1.0e-6,100,600,100.00000000000001,0.1,0.5,694.3,14.659467930317252
0.0001,1.0e-6,100,700,100.00000000000001,0.1,0.5,714.0,21.155508870163242
0.0001,1.0e-6,100,800,100.00000000000001,0.1,0.5,745.1,11.713714658941932
0.0001,1.0e-6,100,900,100.00000000000001,0.1,0.5,758.4,10.595596569644705
0.0001,1.0e-6,100,25,100.00000000000001,0.2,0.5,128.7,4.64399253516483
0.0001,1.0e-6,100,50,100.00000000000001,0.2,0.5,222.3,14.591093173576818
0.0001,1.0e-6,100,75,100.00000000000001,0.2,0.5,288.3,10.708771067577166
0.0001,1.0e-6,100,100,100.00000000000001,0.2,0.5,348.0,10.077477638553983
0.0001,1.0e-6,100,200,100.00000000000001,0.2,0.5,491.8,14.830898676599324
0.0001,1.0e-6,100,300,100.00000000000001,0.2,0.5,572.6,10.21110506589109
0.0001,1.0e-6,100,400,100.00000000000001,0.2,0.5,620.8,15.164285527368426
0.0001,1.0e-6,100,500,100.00000000000001,0.2,0.5,661.8,13.079245645933357
0.0001,1.0e-6,100,600,100.00000000000001,0.2,0.5,696.5,13.10004240875239
0.0001,1.0e-6,100,700,100.00000000000001,0.2,0.5,712.6,17.87114371767453
0.0001,1.0e-6,100,800,100.00000000000001,0.2,0.5,743.2,11.745448290957459
0.0001,1.0e-6,100,900,100.00000000000001,0.2,0.5,765.4,16.8206222635589
0.0001,1.0e-6,100,25,100.00000000000001,0.4,0.5,131.9,9.893319856235205
0.0001,1.0e-6,100,50,100.00000000000001,0.4,0.5,218.7,10.914312723310719
0.0001,1.0e-6,100,75,100.00000000000001,0.4,0.5,293.7,14.772722610721875
0.0001,1.0e-6,100,100,100.00000000000001,0.4,0.5,338.0,17.333333333333332
0.0001,1.0e-6,100,200,100.00000000000001,0.4,0.5,486.1,15.919589609450783
0.0001,1.0e-6,100,300,100.00000000000001,0.4,0.5,574.2,14.838388651662207
0.0001,1.0e-6,100,400,100.00000000000001,0.4,0.5,617.5,12.385026802106198
0.0001,1.0e-6,100,500,100.00000000000001,0.4,0.5,663.9,14.082692293102985
0.0001,1.0e-6,100,600,100.00000000000001,0.4,0.5,691.1,18.603763060198332
0.0001,1.0e-6,100,700,100.00000000000001,0.4,0.5,714.5,12.95505049520585
0.0001,1.0e-6,100,800,100.00000000000001,0.4,0.5,738.9,27.83463070828616
0.0001,1.0e-6,100,900,100.00000000000001,0.4,0.5,773.4,15.7987341265052
0.0001,1.0e-6,100,25,100.00000000000001,0.6,0.5,127.9,6.488451279003334
0.0001,1.0e-6,100,50,100.00000000000001,0.6,0.5,220.9,6.332456079595025
0.0001,1.0e-6,100,75,100.00000000000001,0.6,0.5,287.8,12.327025413925114
0.0001,1.0e-6,100,100,100.00000000000001,0.6,0.5,341.5,14.439529078193651
0.0001,1.0e-6,100,200,100.00000000000001,0.6,0.5,488.7,14.468740250776653
0.0001,1.0e-6,100,300,100.00000000000001,0.6,0.5,572.5,16.728219670166137
0.0001,1.0e-6,100,400,100.00000000000001,0.6,0.5,633.9,19.4390786247131
0.0001,1.0e-6,100,500,100.00000000000001,0.6,0.5,663.0,14.636332266733433
0.0001,1.0e-6,100,600,100.00000000000001,0.6,0.5,691.7,11.757267256183864
0.0001,1.0e-6,100,700,100.00000000000001,0.6,0.5,717.3,13.760248705762713
0.0001,1.0e-6,100,800,100.00000000000001,0.6,0.5,745.5,12.149531312405063
0.0001,1.0e-6,100,900,100.00000000000001,0.6,0.5,763.5,14.230249470757707
0.0001,1.0e-6,100,25,100.00000000000001,0.8,0.5,129.4,9.09456492148531
0.0001,1.0e-6,100,50,100.00000000000001,0.8,0.5,223.7,7.746683878351506
0.0001,1.0e-6,100,75,100.00000000000001,0.8,0.5,285.3,14.989255411052872
0.0001,1.0e-6,100,100,100.00000000000001,0.8,0.5,343.3,12.481541927537995
0.0001,1.0e-6,100,200,100.00000000000001,0.8,0.5,487.4,27.34633836955548
0.0001,1.0e-6,100,300,100.00000000000001,0.8,0.5,561.3,18.59539967004982
0.0001,1.0e-6,100,400,100.00000000000001,0.8,0.5,626.4,18.04438970982394
0.0001,1.0e-6,100,500,100.00000000000001,0.8,0.5,660.6,20.012218489934813
0.0001,1.0e-6,100,600,100.00000000000001,0.8,0.5,701.9,18.988007911427793
0.0001,1.0e-6,100,700,100.00000000000001,0.8,0.5,712.6,12.677188612271694
0.0001,1.0e-6,100,800,100.00000000000001,0.8,0.5,737.3,16.200480102625217
0.0001,1.0e-6,100,900,100.00000000000001,0.8,0.5,758.2,13.31498737847276
0.0001,1.0e-6,100,25,100.00000000000001,1.0,0.5,127.8,10.195859726161181
0.0001,1.0e-6,100,50,100.00000000000001,1.0,0.5,220.4,9.240009620004614
0.0001,1.0e-6,100,75,100.00000000000001,1.0,0.5,288.6,14.229859060752812
0.0001,1.0e-6,100,100,100.00000000000001,1.0,0.5,343.8,18.772320048411704
0.0001,1.0e-6,100,200,100.00000000000001,1.0,0.5,498.2,19.303425142244116
0.0001,1.0e-6,100,300,100.00000000000001,1.0,0.5,565.5,19.500712237705006
0.0001,1.0e-6,100,400,100.00000000000001,1.0,0.5,623.2,13.579396157414363
0.0001,1.0e-6,100,500,100.00000000000001,1.0,0.5,665.1,21.512012148254907
0.0001,1.0e-6,100,600,100.00000000000001,1.0,0.5,695.9,23.750789460563198
0.0001,1.0e-6,100,700,100.00000000000001,1.0,0.5,720.2,13.045220495559965
0.0001,1.0e-6,100,800,100.00000000000001,1.0,0.5,739.5,14.630637564903163
0.0001,1.0e-6,100,900,100.00000000000001,1.0,0.5,763.8,20.83693302234707
0.0001,1.0e-5,100,25,10.0,0.0,0.5,129.0,9.428090415820634
0.0001,1.0e-5,100,50,10.0,0.0,0.5,223.5,12.791055902899929
0.0001,1.0e-5,100,75,10.0,0.0,0.5,286.9,21.906112794783507
0.0001,1.0e-5,100,100,10.0,0.0,0.5,343.3,11.155965021259057
0.0001,1.0e-5,100,200,10.0,0.0,0.5,492.5,7.6194196337749736
0.0001,1.0e-5,100,300,10.0,0.0,0.5,561.2,20.90613944913471
0.0001,1.0e-5,100,400,10.0,0.0,0.5,633.1,15.538125155028625
0.0001,1.0e-5,100,500,10.0,0.0,0.5,662.4,21.240422678363903
0.0001,1.0e-5,100,600,10.0,0.0,0.5,706.4,12.8079836213373
0.0001,1.0e-5,100,700,10.0,0.0,0.5,723.7,9.06825966397816
0.0001,1.0e-5,100,800,10.0,0.0,0.5,744.6,12.88582339023954
0.0001,1.0e-5,100,900,10.0,0.0,0.5,775.7,17.85777141750896
0.0001,1.0e-5,100,25,10.0,0.0001,0.5,122.2,12.942608358098113
0.0001,1.0e-5,100,50,10.0,0.0001,0.5,212.3,10.499206319209721
0.0001,1.0e-5,100,75,10.0,0.0001,0.5,268.2,11.350966674448676
0.0001,1.0e-5,100,100,10.0,0.0001,0.5,325.9,10.354279845122553
0.0001,1.0e-5,100,200,10.0,0.0001,0.5,460.6,13.175735273600486
0.0001,1.0e-5,100,300,10.0,0.0001,0.5,535.2,9.040648944259107
0.0001,1.0e-5,100,400,10.0,0.0001,0.5,578.4,12.001851708984095
0.0001,1.0e-5,100,500,10.0,0.0001,0.5,620.1,15.161720805297062
0.0001,1.0e-5,100,600,10.0,0.0001,0.5,650.1,11.23931591433492
0.0001,1.0e-5,100,700,10.0,0.0001,0.5,662.0,14.824903971958056
0.0001,1.0e-5,100,800,10.0,0.0001,0.5,682.2,15.13494851879803
0.0001,1.0e-5,100,900,10.0,0.0001,0.5,700.5,14.191155304938668
0.0001,1.0e-5,100,25,10.0,0.001,0.5,125.4,5.680375574437545
0.0001,1.0e-5,100,50,10.0,0.001,0.5,196.4,9.92415683516181
0.0001,1.0e-5,100,75,10.0,0.001,0.5,268.8,12.053584068188552
0.0001,1.0e-5,100,100,10.0,0.001,0.5,322.4,13.116571367718183
0.0001,1.0e-5,100,200,10.0,0.001,0.5,444.1,11.37687713449228
0.0001,1.0e-5,100,300,10.0,0.001,0.5,515.6,11.663809173869591
0.0001,1.0e-5,100,400,10.0,0.001,0.5,565.5,17.0961334160031
0.0001,1.0e-5,100,500,10.0,0.001,0.5,588.7,15.018877010837615
0.0001,1.0e-5,100,600,10.0,0.001,0.5,617.2,14.57394936178934
0.0001,1.0e-5,100,700,10.0,0.001,0.5,646.0,15.91644851508443
0.0001,1.0e-5,100,800,10.0,0.001,0.5,660.3,20.111080417410584
0.0001,1.0e-5,100,900,10.0,0.001,0.5,682.7,14.47641760473449
0.0001,1.0e-5,100,25,10.0,0.025,0.5,118.7,7.660142151277467
0.0001,1.0e-5,100,50,10.0,0.025,0.5,196.4,15.26215362697327
0.0001,1.0e-5,100,75,10.0,0.025,0.5,261.7,12.875903420299831
0.0001,1.0e-5,100,100,10.0,0.025,0.5,301.7,16.1730228054828
0.0001,1.0e-5,100,200,10.0,0.025,0.5,428.6,13.882042757141729
0.0001,1.0e-5,100,300,10.0,0.025,0.5,493.3,13.92080776711211
0.0001,1.0e-5,100,400,10.0,0.025,0.5,538.4,11.256603000510905
0.0001,1.0e-5,100,500,10.0,0.025,0.5,577.8,22.9482509621588
0.0001,1.0e-5,100,600,10.0,0.025,0.5,597.5,14.698828373566226
0.0001,1.0e-5,100,700,10.0,0.025,0.5,633.2,14.755789824110849
0.0001,1.0e-5,100,800,10.0,0.025,0.5,645.8,15.9150522741488
0.0001,1.0e-5,100,900,10.0,0.025,0.5,659.0,17.016332024133625
0.0001,1.0e-5,100,25,10.0,0.05,0.5,116.4,5.796550698475775
0.0001,1.0e-5,100,50,10.0,0.05,0.5,196.2,8.791409948858538
0.0001,1.0e-5,100,75,10.0,0.05,0.5,264.9,7.9784431786881544
0.0001,1.0e-5,100,100,10.0,0.05,0.5,312.4,14.75127113166862
0.0001,1.0e-5,100,200,10.0,0.05,0.5,429.0,10.96458946893235
0.0001,1.0e-5,100,300,10.0,0.05,0.5,497.7,16.41171668182352
0.0001,1.0e-5,100,400,10.0,0.05,0.5,542.1,13.519122259476266
0.0001,1.0e-5,100,500,10.0,0.05,0.5,573.7,19.499572644889767
0.0001,1.0e-5,100,600,10.0,0.05,0.5,607.3,16.91186302898386
0.0001,1.0e-5,100,700,10.0,0.05,0.5,615.4,10.330107023216705
0.0001,1.0e-5,100,800,10.0,0.05,0.5,643.9,9.585289655392671
0.0001,1.0e-5,100,900,10.0,0.05,0.5,661.1,11.308305698811726
0.0001,1.0e-5,100,25,10.0,0.075,0.5,115.0,8.717797887081348
0.0001,1.0e-5,100,50,10.0,0.075,0.5,199.1,11.27879032126722
0.0001,1.0e-5,100,75,10.0,0.075,0.5,259.3,20.623880440994718
0.0001,1.0e-5,100,100,10.0,0.075,0.5,307.2,12.035133752661183
0.0001,1.0e-5,100,200,10.0,0.075,0.5,422.7,8.982080926922102
0.0001,1.0e-5,100,300,10.0,0.075,0.5,494.3,23.814328086725904
0.0001,1.0e-5,100,400,10.0,0.075,0.5,546.2,17.592927872048786
0.0001,1.0e-5,100,500,10.0,0.075,0.5,575.6,12.65086733961132
0.0001,1.0e-5,100,600,10.0,0.075,0.5,596.4,17.702479424582812
0.0001,1.0e-5,100,700,10.0,0.075,0.5,619.2,17.177504669382763
0.0001,1.0e-5,100,800,10.0,0.075,0.5,636.8,21.075525563500847
0.0001,1.0e-5,100,900,10.0,0.075,0.5,652.8,17.402426395317534
0.0001,1.0e-5,100,25,10.0,0.1,0.5,114.4,8.1948493308636
0.0001,1.0e-5,100,50,10.0,0.1,0.5,198.3,15.649281133649557
0.0001,1.0e-5,100,75,10.0,0.1,0.5,265.9,10.805862606320083
0.0001,1.0e-5,100,100,10.0,0.1,0.5,308.2,8.866917289691058
0.0001,1.0e-5,100,200,10.0,0.1,0.5,431.9,14.753154088382441
0.0001,1.0e-5,100,300,10.0,0.1,0.5,491.9,12.368867728651999
0.0001,1.0e-5,100,400,10.0,0.1,0.5,540.3,10.022751895340697
0.0001,1.0e-5,100,500,10.0,0.1,0.5,570.9,11.541711792932238
0.0001,1.0e-5,100,600,10.0,0.1,0.5,599.6,20.02886805477423
0.0001,1.0e-5,100,700,10.0,0.1,0.5,625.3,14.368561359981573
0.0001,1.0e-5,100,800,10.0,0.1,0.5,646.5,16.55462338911869
0.0001,1.0e-5,100,900,10.0,0.1,0.5,657.6,15.861904047118683
0.0001,1.0e-5,100,25,10.0,0.2,0.5,116.5,4.222953153106642
0.0001,1.0e-5,100,50,10.0,0.2,0.5,200.5,8.605553762283725
0.0001,1.0e-5,100,75,10.0,0.2,0.5,261.7,11.185804495977132
0.0001,1.0e-5,100,100,10.0,0.2,0.5,303.2,10.053191864610298
0.0001,1.0e-5,100,200,10.0,0.2,0.5,420.7,17.52490291619963
0.0001,1.0e-5,100,300,10.0,0.2,0.5,509.5,11.95593762297397
0.0001,1.0e-5,100,400,10.0,0.2,0.5,541.8,16.314955647435198
0.0001,1.0e-5,100,500,10.0,0.2,0.5,579.4,17.1412433102801
0.0001,1.0e-5,100,600,10.0,0.2,0.5,602.3,17.22433678774825
0.0001,1.0e-5,100,700,10.0,0.2,0.5,627.7,15.944696087832257
0.0001,1.0e-5,100,800,10.0,0.2,0.5,640.4,18.9103146457165
0.0001,1.0e-5,100,900,10.0,0.2,0.5,659.4,13.929983648391138
0.0001,1.0e-5,100,25,10.0,0.4,0.5,118.5,8.276472678623424
0.0001,1.0e-5,100,50,10.0,0.4,0.5,192.7,11.576316819745006
0.0001,1.0e-5,100,75,10.0,0.4,0.5,252.2,14.92797522922799
0.0001,1.0e-5,100,100,10.0,0.4,0.5,313.1,15.220235068997965
0.0001,1.0e-5,100,200,10.0,0.4,0.5,431.7,21.05046845612283
0.0001,1.0e-5,100,300,10.0,0.4,0.5,492.5,15.436248824691113
0.0001,1.0e-5,100,400,10.0,0.4,0.5,548.3,14.166078419159543
0.0001,1.0e-5,100,500,10.0,0.4,0.5,574.9,18.85883229565276
0.0001,1.0e-5,100,600,10.0,0.4,0.5,599.0,14.52966314513558
0.0001,1.0e-5,100,700,10.0,0.4,0.5,620.0,18.991226044325487
0.0001,1.0e-5,100,800,10.0,0.4,0.5,652.4,18.536450577173618
0.0001,1.0e-5,100,900,10.0,0.4,0.5,667.4,16.513967152417106
0.0001,1.0e-5,100,25,10.0,0.6,0.5,112.7,8.407007658957959
0.0001,1.0e-5,100,50,10.0,0.6,0.5,196.0,7.788880963698615
0.0001,1.0e-5,100,75,10.0,0.6,0.5,259.1,11.704225257952313
0.0001,1.0e-5,100,100,10.0,0.6,0.5,304.1,6.026792034094275
0.0001,1.0e-5,100,200,10.0,0.6,0.5,436.7,13.383655039719986
0.0001,1.0e-5,100,300,10.0,0.6,0.5,504.8,17.599242407937147
0.0001,1.0e-5,100,400,10.0,0.6,0.5,543.6,24.17620501420537
0.0001,1.0e-5,100,500,10.0,0.6,0.5,584.0,18.743887892679396
0.0001,1.0e-5,100,600,10.0,0.6,0.5,609.9,8.46496045800307
0.0001,1.0e-5,100,700,10.0,0.6,0.5,630.8,11.811482172492624
0.0001,1.0e-5,100,800,10.0,0.6,0.5,647.3,13.266917920568856
0.0001,1.0e-5,100,900,10.0,0.6,0.5,662.3,14.047933814068331
0.0001,1.0e-5,100,25,10.0,0.8,0.5,111.7,10.99545360592277
0.0001,1.0e-5,100,50,10.0,0.8,0.5,197.1,9.314862675674112
0.0001,1.0e-5,100,75,10.0,0.8,0.5,261.5,14.683702227677838
0.0001,1.0e-5,100,100,10.0,0.8,0.5,310.2,15.873107936240956
0.0001,1.0e-5,100,200,10.0,0.8,0.5,442.5,20.876621693495654
0.0001,1.0e-5,100,300,10.0,0.8,0.5,487.6,24.414021472187752
0.0001,1.0e-5,100,400,10.0,0.8,0.5,538.2,13.364962484878967
0.0001,1.0e-5,100,500,10.0,0.8,0.5,580.4,13.091133555875816
0.0001,1.0e-5,100,600,10.0,0.8,0.5,610.8,12.523755205386458
0.0001,1.0e-5,100,700,10.0,0.8,0.5,633.8,12.523755205386458
0.0001,1.0e-5,100,800,10.0,0.8,0.5,639.0,12.788884062167252
0.0001,1.0e-5,100,900,10.0,0.8,0.5,655.7,14.63671183474394
0.0001,1.0e-5,100,25,10.0,1.0,0.5,118.2,11.554700823089757
0.0001,1.0e-5,100,50,10.0,1.0,0.5,199.9,12.511772234357707
0.0001,1.0e-5,100,75,10.0,1.0,0.5,257.2,13.273197722394471
0.0001,1.0e-5,100,100,10.0,1.0,0.5,308.8,12.994015716646045
0.0001,1.0e-5,100,200,10.0,1.0,0.5,435.9,9.75761810643925
0.0001,1.0e-5,100,300,10.0,1.0,0.5,502.1,12.022663783223933
0.0001,1.0e-5,100,400,10.0,1.0,0.5,555.4,16.11900189907
0.0001,1.0e-5,100,500,10.0,1.0,0.5,581.1,13.118688958886096
0.0001,1.0e-5,100,600,10.0,1.0,0.5,610.4,19.727026019031747
0.0001,1.0e-5,100,700,10.0,1.0,0.5,633.5,20.59260924592985
0.0001,1.0e-5,100,800,10.0,1.0,0.5,651.6,11.286176402031726
0.0001,1.0e-5,100,900,10.0,1.0,0.5,660.0,18.873850222522755
0.0001,3.0e-5,100,25,3.3333333333333335,0.0,0.5,126.8,8.59974159818512
0.0001,3.0e-5,100,50,3.3333333333333335,0.0,0.5,216.5,8.695464973830388
0.0001,3.0e-5,100,75,3.3333333333333335,0.0,0.5,280.6,11.616080807799733
0.0001,3.0e-5,100,100,3.3333333333333335,0.0,0.5,340.0,20.401524997465806
0.0001,3.0e-5,100,200,3.3333333333333335,0.0,0.5,481.9,18.082834094491076
0.0001,3.0e-5,100,300,3.3333333333333335,0.0,0.5,566.3,19.067424227374463
0.0001,3.0e-5,100,400,3.3333333333333335,0.0,0.5,614.1,9.982762921934766
0.0001,3.0e-5,100,500,3.3333333333333335,0.0,0.5,648.1,21.205083248022287
0.0001,3.0e-5,100,600,3.3333333333333335,0.0,0.5,685.5,19.004385458800467
0.0001,3.0e-5,100,700,3.3333333333333335,0.0,0.5,709.0,14.854853303438128
0.0001,3.0e-5,100,800,3.3333333333333335,0.0,0.5,735.0,19.79898987322333
0.0001,3.0e-5,100,900,3.3333333333333335,0.0,0.5,758.5,17.031017455089273
0.0001,3.0e-5,100,25,3.3333333333333335,0.0001,0.5,104.8,4.9170903772228725
0.0001,3.0e-5,100,50,3.3333333333333335,0.0001,0.5,163.3,6.6340870593557275
0.0001,3.0e-5,100,75,3.3333333333333335,0.0001,0.5,220.2,14.03012631605448
0.0001,3.0e-5,100,100,3.3333333333333335,0.0001,0.5,252.7,8.641630504585219
0.0001,3.0e-5,100,200,3.3333333333333335,0.0001,0.5,343.2,10.411532067856294
0.0001,3.0e-5,100,300,3.3333333333333335,0.0001,0.5,380.6,20.034414834922874
0.0001,3.0e-5,100,400,3.3333333333333335,0.0001,0.5,408.8,10.368756488176926
0.0001,3.0e-5,100,500,3.3333333333333335,0.0001,0.5,433.5,16.413070672146908
0.0001,3.0e-5,100,600,3.3333333333333335,0.0001,0.5,436.4,16.97187215496406
0.0001,3.0e-5,100,700,3.3333333333333335,0.0001,0.5,451.8,10.860734577161692
0.0001,3.0e-5,100,800,3.3333333333333335,0.0001,0.5,466.3,12.87590342029983
0.0001,3.0e-5,100,900,3.3333333333333335,0.0001,0.5,473.6,14.803903389159075
0.0001,3.0e-5,100,25,3.3333333333333335,0.001,0.5,93.7,9.006787563955431
0.0001,3.0e-5,100,50,3.3333333333333335,0.001,0.5,148.0,11.88836966675134
0.0001,3.0e-5,100,75,3.3333333333333335,0.001,0.5,194.3,9.798525966241613
0.0001,3.0e-5,100,100,3.3333333333333335,0.001,0.5,222.8,16.437085440484204
0.0001,3.0e-5,100,200,3.3333333333333335,0.001,0.5,290.7,12.841339493993608
0.0001,3.0e-5,100,300,3.3333333333333335,0.001,0.5,318.2,11.525816432879903
0.0001,3.0e-5,100,400,3.3333333333333335,0.001,0.5,341.8,9.942054337230532
0.0001,3.0e-5,100,500,3.3333333333333335,0.001,0.5,363.8,11.792653080060767
0.0001,3.0e-5,100,600,3.3333333333333335,0.001,0.5,371.0,11.575836902790225
0.0001,3.0e-5,100,700,3.3333333333333335,0.001,0.5,386.6,12.903057346570575
0.0001,3.0e-5,100,800,3.3333333333333335,0.001,0.5,388.0,16.47219880080778
0.0001,3.0e-5,100,900,3.3333333333333335,0.001,0.5,397.5,16.932874009518354
0.0001,3.0e-5,100,25,3.3333333333333335,0.025,0.5,85.4,7.411702458499892
0.0001,3.0e-5,100,50,3.3333333333333335,0.025,0.5,140.2,11.033282980751165
0.0001,3.0e-5,100,75,3.3333333333333335,0.025,0.5,176.3,10.349986580774985
0.0001,3.0e-5,100,100,3.3333333333333335,0.025,0.5,204.9,8.55634916954136
0.0001,3.0e-5,100,200,3.3333333333333335,0.025,0.5,256.0,11.00504934614612
0.0001,3.0e-5,100,300,3.3333333333333335,0.025,0.5,295.6,12.580408048496148
0.0001,3.0e-5,100,400,3.3333333333333335,0.025,0.5,321.0,14.981470036162822
0.0001,3.0e-5,100,500,3.3333333333333335,0.025,0.5,330.2,14.218923228492999
0.0001,3.0e-5,100,600,3.3333333333333335,0.025,0.5,346.1,9.456919865015951
0.0001,3.0e-5,100,700,3.3333333333333335,0.025,0.5,358.7,9.405081368896049
0.0001,3.0e-5,100,800,3.3333333333333335,0.025,0.5,364.3,6.019413038937712
0.0001,3.0e-5,100,900,3.3333333333333335,0.025,0.5,381.0,15.762120556715853
0.0001,3.0e-5,100,25,3.3333333333333335,0.05,0.5,85.5,4.927248499698161
0.0001,3.0e-5,100,50,3.3333333333333335,0.05,0.5,132.4,8.113089560840693
0.0001,3.0e-5,100,75,3.3333333333333335,0.05,0.5,173.1,10.27888882883532
0.0001,3.0e-5,100,100,3.3333333333333335,0.05,0.5,196.4,6.239658110292049
0.0001,3.0e-5,100,200,3.3333333333333335,0.05,0.5,261.2,10.819735055289785
0.0001,3.0e-5,100,300,3.3333333333333335,0.05,0.5,296.3,10.143963722332607
0.0001,3.0e-5,100,400,3.3333333333333335,0.05,0.5,324.6,14.856349185150137
0.0001,3.0e-5,100,500,3.3333333333333335,0.05,0.5,331.7,7.36432843736164
0.0001,3.0e-5,100,600,3.3333333333333335,0.05,0.5,357.3,12.184233892845112
0.0001,3.0e-5,100,700,3.3333333333333335,0.05,0.5,360.3,11.245245909074447
0.0001,3.0e-5,100,800,3.3333333333333335,0.05,0.5,365.4,15.32753513560916
0.0001,3.0e-5,100,900,3.3333333333333335,0.05,0.5,378.4,9.179687721631202
0.0001,3.0e-5,100,25,3.3333333333333335,0.075,0.5,86.1,5.195083145522205
0.0001,3.0e-5,100,50,3.3333333333333335,0.075,0.5,138.2,10.633281086601006
0.0001,3.0e-5,100,75,3.3333333333333335,0.075,0.5,174.6,7.890923055426829
0.0001,3.0e-5,100,100,3.3333333333333335,0.075,0.5,201.3,4.295992965026311
0.0001,3.0e-5,100,200,3.3333333333333335,0.075,0.5,272.9,15.139719651007779
0.0001,3.0e-5,100,300,3.3333333333333335,0.075,0.5,290.7,13.157591809378424
0.0001,3.0e-5,100,400,3.3333333333333335,0.075,0.5,321.9,10.104454463255301
0.0001,3.0e-5,100,500,3.3333333333333335,0.075,0.5,342.4,12.402508706798887
0.0001,3.0e-5,100,600,3.3333333333333335,0.075,0.5,356.0,15.470401847829724
0.0001,3.0e-5,100,700,3.3333333333333335,0.075,0.5,360.2,9.68159766429763
0.0001,3.0e-5,100,800,3.3333333333333335,0.075,0.5,366.3,14.430292212333518
0.0001,3.0e-5,100,900,3.3333333333333335,0.075,0.5,376.5,14.886608448908405
0.0001,3.0e-5,100,25,3.3333333333333335,0.1,0.5,88.4,8.553102101317133
0.0001,3.0e-5,100,50,3.3333333333333335,0.1,0.5,140.5,10.362861037806542
0.0001,3.0e-5,100,75,3.3333333333333335,0.1,0.5,176.2,9.681597664297628
0.0001,3.0e-5,100,100,3.3333333333333335,0.1,0.5,206.4,14.893697399310295
0.0001,3.0e-5,100,200,3.3333333333333335,0.1,0.5,260.5,15.269795894728476
0.0001,3.0e-5,100,300,3.3333333333333335,0.1,0.5,306.3,15.434809144700601
0.0001,3.0e-5,100,400,3.3333333333333335,0.1,0.5,323.6,15.12319778059889
0.0001,3.0e-5,100,500,3.3333333333333335,0.1,0.5,337.4,14.182931839205727
0.0001,3.0e-5,100,600,3.3333333333333335,0.1,0.5,349.6,8.235424835563872
0.0001,3.0e-5,100,700,3.3333333333333335,0.1,0.5,363.6,16.581113754308948
0.0001,3.0e-5,100,800,3.3333333333333335,0.1,0.5,380.1,22.654163218073432
0.0001,3.0e-5,100,900,3.3333333333333335,0.1,0.5,383.1,19.86314286422077
0.0001,3.0e-5,100,25,3.3333333333333335,0.2,0.5,89.9,10.660935960578488
0.0001,3.0e-5,100,50,3.3333333333333335,0.2,0.5,144.5,12.376052143824648
0.0001,3.0e-5,100,75,3.3333333333333335,0.2,0.5,183.5,14.261447643520937
0.0001,3.0e-5,100,100,3.3333333333333335,0.2,0.5,201.5,8.263036837493694
0.0001,3.0e-5,100,200,3.3333333333333335,0.2,0.5,266.6,7.3363630105265525
0.0001,3.0e-5,100,300,3.3333333333333335,0.2,0.5,296.7,16.885562537926365
0.0001,3.0e-5,100,400,3.3333333333333335,0.2,0.5,326.5,12.186057606953941
0.0001,3.0e-5,100,500,3.3333333333333335,0.2,0.5,337.3,12.383232390795403
0.0001,3.0e-5,100,600,3.3333333333333335,0.2,0.5,353.9,7.015063158027239
0.0001,3.0e-5,100,700,3.3333333333333335,0.2,0.5,368.1,9.654590157594008
0.0001,3.0e-5,100,800,3.3333333333333335,0.2,0.5,375.4,16.06376183975735
0.0001,3.0e-5,100,900,3.3333333333333335,0.2,0.5,383.9,19.0114000887187
0.0001,3.0e-5,100,25,3.3333333333333335,0.4,0.5,90.0,6.018490028422596
0.0001,3.0e-5,100,50,3.3333333333333335,0.4,0.5,139.3,6.019413038937712
0.0001,3.0e-5,100,75,3.3333333333333335,0.4,0.5,180.1,12.956765714397163
0.0001,3.0e-5,100,100,3.3333333333333335,0.4,0.5,211.4,7.933053216343208
0.0001,3.0e-5,100,200,3.3333333333333335,0.4,0.5,280.5,11.559027256266468
0.0001,3.0e-5,100,300,3.3333333333333335,0.4,0.5,303.5,10.501322668015575
0.0001,3.0e-5,100,400,3.3333333333333335,0.4,0.5,324.5,14.961060568466841
0.0001,3.0e-5,100,500,3.3333333333333335,0.4,0.5,340.4,11.749231653365442
0.0001,3.0e-5,100,600,3.3333333333333335,0.4,0.5,357.2,6.957010852370435
0.0001,3.0e-5,100,700,3.3333333333333335,0.4,0.5,378.1,11.685223337379753
0.0001,3.0e-5,100,800,3.3333333333333335,0.4,0.5,378.1,12.931013537658643
0.0001,3.0e-5,100,900,3.3333333333333335,0.4,0.5,385.6,11.276327219248099
0.0001,3.0e-5,100,25,3.3333333333333335,0.6,0.5,89.4,8.971560003081342
0.0001,3.0e-5,100,50,3.3333333333333335,0.6,0.5,144.5,9.72111104761179
0.0001,3.0e-5,100,75,3.3333333333333335,0.6,0.5,179.8,9.840957496323435
0.0001,3.0e-5,100,100,3.3333333333333335,0.6,0.5,217.3,11.8794874562088
0.0001,3.0e-5,100,200,3.3333333333333335,0.6,0.5,267.7,11.700427342623003
0.0001,3.0e-5,100,300,3.3333333333333335,0.6,0.5,309.3,12.065101187585071
0.0001,3.0e-5,100,400,3.3333333333333335,0.6,0.5,328.7,20.188280428671153
0.0001,3.0e-5,100,500,3.3333333333333335,0.6,0.5,345.4,14.284412639112762
0.0001,3.0e-5,100,600,3.3333333333333335,0.6,0.5,352.7,13.416821945271211
0.0001,3.0e-5,100,700,3.3333333333333335,0.6,0.5,369.5,14.615440845595836
0.0001,3.0e-5,100,800,3.3333333333333335,0.6,0.5,384.4,13.582668695395943
0.0001,3.0e-5,100,900,3.3333333333333335,0.6,0.5,393.4,21.53653227012701
0.0001,3.0e-5,100,25,3.3333333333333335,0.8,0.5,87.9,7.908504564356301
0.0001,3.0e-5,100,50,3.3333333333333335,0.8,0.5,141.0,6.69991708074726
0.0001,3.0e-5,100,75,3.3333333333333335,0.8,0.5,181.8,11.0232078412371
0.0001,3.0e-5,100,100,3.3333333333333335,0.8,0.5,204.6,10.178408519999577
0.0001,3.0e-5,100,200,3.3333333333333335,0.8,0.5,276.2,9.840957496323435
0.0001,3.0e-5,100,300,3.3333333333333335,0.8,0.5,309.5,11.645218379708949
0.0001,3.0e-5,100,400,3.3333333333333335,0.8,0.5,322.6,7.662317607037123
0.0001,3.0e-5,100,500,3.3333333333333335,0.8,0.5,345.9,10.556198810809377
0.0001,3.0e-5,100,600,3.3333333333333335,0.8,0.5,364.4,14.773850773128402
0.0001,3.0e-5,100,700,3.3333333333333335,0.8,0.5,375.3,20.039128390892323
0.0001,3.0e-5,100,800,3.3333333333333335,0.8,0.5,382.8,16.45059944871986
0.0001,3.0e-5,100,900,3.3333333333333335,0.8,0.5,396.9,16.676330531624757
0.0001,3.0e-5,100,25,3.3333333333333335,1.0,0.5,90.1,3.956710193526379
0.0001,3.0e-5,100,50,3.3333333333333335,1.0,0.5,137.2,8.916900308465443
0.0001,3.0e-5,100,75,3.3333333333333335,1.0,0.5,186.4,7.7631608682718065
0.0001,3.0e-5,100,100,3.3333333333333335,1.0,0.5,206.8,9.271221901969316
0.0001,3.0e-5,100,200,3.3333333333333335,1.0,0.5,264.9,13.73114869355235
0.0001,3.0e-5,100,300,3.3333333333333335,1.0,0.5,314.4,10.319345371140985
0.0001,3.0e-5,100,400,3.3333333333333335,1.0,0.5,334.5,10.41633332799983
0.0001,3.0e-5,100,500,3.3333333333333335,1.0,0.5,350.1,14.12208672021714
0.0001,3.0e-5,100,600,3.3333333333333335,1.0,0.5,364.0,8.640987597877148
0.0001,3.0e-5,100,700,3.3333333333333335,1.0,0.5,371.9,11.259070417519673
0.0001,3.0e-5,100,800,3.3333333333333335,1.0,0.5,376.4,10.211105065891088
0.0001,3.0e-5,100,900,3.3333333333333335,1.0,0.5,395.1,8.582281488948935
0.0001,5.0e-5,100,25,2.0,0.0,0.5,123.3,12.57908316743845
0.0001,5.0e-5,100,50,2.0,0.0,0.5,216.4,13.175735273600484
0.0001,5.0e-5,100,75,2.0,0.0,0.5,276.1,9.32678341599551
0.0001,5.0e-5,100,100,2.0,0.0,0.5,331.3,15.713051899615172
0.0001,5.0e-5,100,200,2.0,0.0,0.5,463.0,19.362047641943477
0.0001,5.0e-5,100,300,2.0,0.0,0.5,542.4,15.45027867422174
0.0001,5.0e-5,100,400,2.0,0.0,0.5,588.8,14.710540438746634
0.0001,5.0e-5,100,500,2.0,0.0,0.5,630.3,14.228687766465168
0.0001,5.0e-5,100,600,2.0,0.0,0.5,650.8,18.56998773409515
0.0001,5.0e-5,100,700,2.0,0.0,0.5,681.7,21.582142824309383
0.0001,5.0e-5,100,800,2.0,0.0,0.5,701.2,14.327905949191909
0.0001,5.0e-5,100,900,2.0,0.0,0.5,710.7,17.944668041262595
0.0001,5.0e-5,100,25,2.0,0.0001,0.5,77.1,6.5226102477799826
0.0001,5.0e-5,100,50,2.0,0.0001,0.5,109.4,6.51835016617617
0.0001,5.0e-5,100,75,2.0,0.0001,0.5,135.0,10.445626410661598
0.0001,5.0e-5,100,100,2.0,0.0001,0.5,139.2,7.857056276579247
0.0001,5.0e-5,100,200,2.0,0.0001,0.5,175.8,11.583513188052137
0.0001,5.0e-5,100,300,2.0,0.0001,0.5,190.5,11.481869766433224
0.0001,5.0e-5,100,400,2.0,0.0001,0.5,197.1,13.395272798018462
0.0001,5.0e-5,100,500,2.0,0.0001,0.5,195.9,9.99388702046295
0.0001,5.0e-5,100,600,2.0,0.0001,0.5,200.1,13.477965556995446
0.0001,5.0e-5,100,700,2.0,0.0001,0.5,204.9,14.348441649802176
0.0001,5.0e-5,100,800,2.0,0.0001,0.5,204.2,13.48085061608997
0.0001,5.0e-5,100,900,2.0,0.0001,0.5,210.7,13.10682604175736
0.0001,5.0e-5,100,25,2.0,0.001,0.5,57.7,8.433399209228874
0.0001,5.0e-5,100,50,2.0,0.001,0.5,84.3,9.695932709704163
0.0001,5.0e-5,100,75,2.0,0.001,0.5,100.7,5.229191567005788
0.0001,5.0e-5,100,100,2.0,0.001,0.5,108.2,8.753412033157254
0.0001,5.0e-5,100,200,2.0,0.001,0.5,119.4,8.422192905255336
0.0001,5.0e-5,100,300,2.0,0.001,0.5,120.6,12.509551905999228
0.0001,5.0e-5,100,400,2.0,0.001,0.5,127.6,9.834180754445747
0.0001,5.0e-5,100,500,2.0,0.001,0.5,128.0,8.73053390247253
0.0001,5.0e-5,100,600,2.0,0.001,0.5,129.7,9.798525966241613
0.0001,5.0e-5,100,700,2.0,0.001,0.5,140.0,10.873004286866728
0.0001,5.0e-5,100,800,2.0,0.001,0.5,135.9,7.738073260042048
0.0001,5.0e-5,100,900,2.0,0.001,0.5,142.7,8.932462644136214
0.0001,5.0e-5,100,25,2.0,0.025,0.5,54.0,6.5659052011974035
0.0001,5.0e-5,100,50,2.0,0.025,0.5,74.9,5.130518708885313
0.0001,5.0e-5,100,75,2.0,0.025,0.5,88.5,9.383792173506166
0.0001,5.0e-5,100,100,2.0,0.025,0.5,98.9,10.027185270276222
0.0001,5.0e-5,100,200,2.0,0.025,0.5,109.9,7.475143997126595
0.0001,5.0e-5,100,300,2.0,0.025,0.5,118.5,5.126185499743233
0.0001,5.0e-5,100,400,2.0,0.025,0.5,124.0,11.045361017187261
0.0001,5.0e-5,100,500,2.0,0.025,0.5,131.3,9.978309810116475
0.0001,5.0e-5,100,600,2.0,0.025,0.5,139.6,12.65964717781134
0.0001,5.0e-5,100,700,2.0,0.025,0.5,137.2,12.227473619317733
0.0001,5.0e-5,100,800,2.0,0.025,0.5,132.6,11.027239001672179
0.0001,5.0e-5,100,900,2.0,0.025,0.5,139.4,10.362324921453572
0.0001,5.0e-5,100,25,2.0,0.05,0.5,49.5,7.106335201775948
0.0001,5.0e-5,100,50,2.0,0.05,0.5,78.9,7.894442489639292
0.0001,5.0e-5,100,75,2.0,0.05,0.5,93.5,7.027722880769338
0.0001,5.0e-5,100,100,2.0,0.05,0.5,99.3,7.288499312082167
0.0001,5.0e-5,100,200,2.0,0.05,0.5,115.2,9.065195959149355
0.0001,5.0e-5,100,300,2.0,0.05,0.5,120.1,10.545667883596142
0.0001,5.0e-5,100,400,2.0,0.05,0.5,129.5,4.766783215358364
0.0001,5.0e-5,100,500,2.0,0.05,0.5,136.5,5.441609239104836
0.0001,5.0e-5,100,600,2.0,0.05,0.5,137.2,8.482662055955993
0.0001,5.0e-5,100,700,2.0,0.05,0.5,135.0,13.232955494186138
0.0001,5.0e-5,100,800,2.0,0.05,0.5,144.2,12.968337510173685
0.0001,5.0e-5,100,900,2.0,0.05,0.5,150.6,9.106774035482232
0.0001,5.0e-5,100,25,2.0,0.075,0.5,54.4,6.603029607687671
0.0001,5.0e-5,100,50,2.0,0.075,0.5,78.0,10.370899457402697
0.0001,5.0e-5,100,75,2.0,0.075,0.5,86.2,6.44291169511977
0.0001,5.0e-5,100,100,2.0,0.075,0.5,100.8,7.146094504459528
0.0001,5.0e-5,100,200,2.0,0.075,0.5,119.1,10.774970997640782
0.0001,5.0e-5,100,300,2.0,0.075,0.5,131.7,8.152027695951208
0.0001,5.0e-5,100,400,2.0,0.075,0.5,131.4,10.668749796589205
0.0001,5.0e-5,100,500,2.0,0.075,0.5,137.6,11.007068436034888
0.0001,5.0e-5,100,600,2.0,0.075,0.5,142.0,13.341664064126334
0.0001,5.0e-5,100,700,2.0,0.075,0.5,138.3,8.781925883439364
0.0001,5.0e-5,100,800,2.0,0.075,0.5,138.0,7.3181661333667165
0.0001,5.0e-5,100,900,2.0,0.075,0.5,153.2,9.496198069637014
0.0001,5.0e-5,100,25,2.0,0.1,0.5,54.0,5.011098792790969
0.0001,5.0e-5,100,50,2.0,0.1,0.5,79.4,8.474799243771043
0.0001,5.0e-5,100,75,2.0,0.1,0.5,94.7,6.447221623821123
0.0001,5.0e-5,100,100,2.0,0.1,0.5,104.4,4.926120853842978
0.0001,5.0e-5,100,200,2.0,0.1,0.5,117.8,8.256983576208553
0.0001,5.0e-5,100,300,2.0,0.1,0.5,127.4,6.397916327472042
0.0001,5.0e-5,100,400,2.0,0.1,0.5,132.2,11.262523893179736
0.0001,5.0e-5,100,500,2.0,0.1,0.5,136.4,11.393955512561133
0.0001,5.0e-5,100,600,2.0,0.1,0.5,143.7,10.791457526930992
0.0001,5.0e-5,100,700,2.0,0.1,0.5,138.5,7.412451985979028
0.0001,5.0e-5,100,800,2.0,0.1,0.5,147.0,7.874007874011811
0.0001,5.0e-5,100,900,2.0,0.1,0.5,147.9,11.836384583140243
0.0001,5.0e-5,100,25,2.0,0.2,0.5,55.8,6.196773353931867
0.0001,5.0e-5,100,50,2.0,0.2,0.5,81.1,8.748968193132516
0.0001,5.0e-5,100,75,2.0,0.2,0.5,96.1,7.430417963419764
0.0001,5.0e-5,100,100,2.0,0.2,0.5,103.0,6.146362971528592
0.0001,5.0e-5,100,200,2.0,0.2,0.5,117.3,8.246884933786278
0.0001,5.0e-5,100,300,2.0,0.2,0.5,130.8,9.402127418834526
0.0001,5.0e-5,100,400,2.0,0.2,0.5,133.3,8.40700765895796
0.0001,5.0e-5,100,500,2.0,0.2,0.5,138.9,8.504247304860215
0.0001,5.0e-5,100,600,2.0,0.2,0.5,142.3,9.922477289243629
0.0001,5.0e-5,100,700,2.0,0.2,0.5,147.8,9.531235200352809
0.0001,5.0e-5,100,800,2.0,0.2,0.5,144.8,8.715248450592533
0.0001,5.0e-5,100,900,2.0,0.2,0.5,152.9,12.502888555138858
0.0001,5.0e-5,100,25,2.0,0.4,0.5,55.5,4.034572812303401
0.0001,5.0e-5,100,50,2.0,0.4,0.5,80.1,5.70477382938574
0.0001,5.0e-5,100,75,2.0,0.4,0.5,99.0,8.498365855987975
0.0001,5.0e-5,100,100,2.0,0.4,0.5,103.4,10.211105065891088
0.0001,5.0e-5,100,200,2.0,0.4,0.5,125.9,8.812238963825003
0.0001,5.0e-5,100,300,2.0,0.4,0.5,132.9,10.49285471165974
0.0001,5.0e-5,100,400,2.0,0.4,0.5,135.8,7.330302403948512
0.0001,5.0e-5,100,500,2.0,0.4,0.5,142.6,13.401492454200763
0.0001,5.0e-5,100,600,2.0,0.4,0.5,143.4,11.266469426281391
0.0001,5.0e-5,100,700,2.0,0.4,0.5,145.7,9.877584050093763
0.0001,5.0e-5,100,800,2.0,0.4,0.5,151.9,11.901913945057558
0.0001,5.0e-5,100,900,2.0,0.4,0.5,152.2,8.59974159818512
0.0001,5.0e-5,100,25,2.0,0.6,0.5,59.7,5.186520991955977
0.0001,5.0e-5,100,50,2.0,0.6,0.5,80.8,7.450577904505872
0.0001,5.0e-5,100,75,2.0,0.6,0.5,92.5,8.031189202104505
0.0001,5.0e-5,100,100,2.0,0.6,0.5,103.4,10.595596569644705
0.0001,5.0e-5,100,200,2.0,0.6,0.5,121.3,8.097324661063471
0.0001,5.0e-5,100,300,2.0,0.6,0.5,134.2,5.9962951524716965
0.0001,5.0e-5,100,400,2.0,0.6,0.5,138.9,7.156193898373011
0.0001,5.0e-5,100,500,2.0,0.6,0.5,144.7,6.880729935438859
0.0001,5.0e-5,100,600,2.0,0.6,0.5,141.1,10.74399056837511
0.0001,5.0e-5,100,700,2.0,0.6,0.5,149.0,9.7182531580755
0.0001,5.0e-5,100,800,2.0,0.6,0.5,150.5,8.959786703810408
0.0001,5.0e-5,100,900,2.0,0.6,0.5,154.1,13.690629398728655
0.0001,5.0e-5,100,25,2.0,0.8,0.5,58.1,5.23768396653839
0.0001,5.0e-5,100,50,2.0,0.8,0.5,79.8,9.052930771609576
0.0001,5.0e-5,100,75,2.0,0.8,0.5,99.7,6.945022198188666
0.0001,5.0e-5,100,100,2.0,0.8,0.5,105.1,5.321862664727663
0.0001,5.0e-5,100,200,2.0,0.8,0.5,122.4,5.501514942874069
0.0001,5.0e-5,100,300,2.0,0.8,0.5,131.3,11.499275339486978
0.0001,5.0e-5,100,400,2.0,0.8,0.5,139.2,13.06224414954116
0.0001,5.0e-5,100,500,2.0,0.8,0.5,141.6,8.566082989195108
0.0001,5.0e-5,100,600,2.0,0.8,0.5,149.2,10.184956226382779
0.0001,5.0e-5,100,700,2.0,0.8,0.5,148.8,8.586811592979862
0.0001,5.0e-5,100,800,2.0,0.8,0.5,152.8,13.423031616508165
0.0001,5.0e-5,100,900,2.0,0.8,0.5,160.8,10.829999487021636
0.0001,5.0e-5,100,25,2.0,1.0,0.5,59.6,5.58171618371586
0.0001,5.0e-5,100,50,2.0,1.0,0.5,89.3,8.313977521152088
0.0001,5.0e-5,100,75,2.0,1.0,0.5,97.7,5.121848624601603
0.0001,5.0e-5,100,100,2.0,1.0,0.5,111.0,8.353309390761112
0.0001,5.0e-5,100,200,2.0,1.0,0.5,123.0,7.586537784494028
0.0001,5.0e-5,100,300,2.0,1.0,0.5,133.8,10.942272768183644
0.0001,5.0e-5,100,400,2.0,1.0,0.5,144.5,7.261006970263988
0.0001,5.0e-5,100,500,2.0,1.0,0.5,140.8,8.534895690308373
0.0001,5.0e-5,100,600,2.0,1.0,0.5,148.3,14.568230274584945
0.0001,5.0e-5,100,700,2.0,1.0,0.5,157.7,7.6601421512774674
0.0001,5.0e-5,100,800,2.0,1.0,0.5,153.1,10.640071010623526
0.0001,5.0e-5,100,900,2.0,1.0,0.5,160.3,12.763228431709589
0.0001,7.0e-5,100,25,1.4285714285714288,0.0,0.5,119.0,8.013876853447538
0.0001,7.0e-5,100,50,1.4285714285714288,0.0,0.5,199.2,7.728734264634367
0.0001,7.0e-5,100,75,1.4285714285714288,0.0,0.5,262.9,15.044009512833412
0.0001,7.0e-5,100,100,1.4285714285714288,0.0,0.5,303.9,9.085397319019373
0.0001,7.0e-5,100,200,1.4285714285714288,0.0,0.5,435.7,12.771931029496763
0.0001,7.0e-5,100,300,1.4285714285714288,0.0,0.5,497.6,17.90840894973954
0.0001,7.0e-5,100,400,1.4285714285714288,0.0,0.5,549.3,13.896842167277507
0.0001,7.0e-5,100,500,1.4285714285714288,0.0,0.5,575.4,13.217833071691865
0.0001,7.0e-5,100,600,1.4285714285714288,0.0,0.5,609.6,9.709102258533827
0.0001,7.0e-5,100,700,1.4285714285714288,0.0,0.5,637.0,9.177266598624136
0.0001,7.0e-5,100,800,1.4285714285714288,0.0,0.5,659.0,11.175369742826806
0.0001,7.0e-5,100,900,1.4285714285714288,0.0,0.5,672.3,18.666964283341724
0.0001,7.0e-5,100,25,1.4285714285714288,0.0001,0.5,46.6,4.695151163109069
0.0001,7.0e-5,100,50,1.4285714285714288,0.0001,0.5,58.5,5.602578771323871
0.0001,7.0e-5,100,75,1.4285714285714288,0.0001,0.5,62.7,6.129165250396392
0.0001,7.0e-5,100,100,1.4285714285714288,0.0001,0.5,65.2,9.138441393974746
0.0001,7.0e-5,100,200,1.4285714285714288,0.0001,0.5,64.1,6.402256546631733
0.0001,7.0e-5,100,300,1.4285714285714288,0.0001,0.5,58.4,7.6623176070371235
0.0001,7.0e-5,100,400,1.4285714285714288,0.0001,0.5,61.6,5.420127099780759
0.0001,7.0e-5,100,500,1.4285714285714288,0.0001,0.5,61.9,7.504813270310076
0.0001,7.0e-5,100,600,1.4285714285714288,0.0001,0.5,60.9,9.78036581910695
0.0001,7.0e-5,100,700,1.4285714285714288,0.0001,0.5,59.5,8.23609940040389
0.0001,7.0e-5,100,800,1.4285714285714288,0.0001,0.5,58.4,7.396695959082753
0.0001,7.0e-5,100,900,1.4285714285714288,0.0001,0.5,59.8,4.685675570881488
0.0001,7.0e-5,100,25,1.4285714285714288,0.001,0.5,34.4,6.931409989637349
0.0001,7.0e-5,100,50,1.4285714285714288,0.001,0.5,38.9,6.505553183413554
0.0001,7.0e-5,100,75,1.4285714285714288,0.001,0.5,42.4,5.358275012642699
0.0001,7.0e-5,100,100,1.4285714285714288,0.001,0.5,35.8,6.250333324444918
0.0001,7.0e-5,100,200,1.4285714285714288,0.001,0.5,34.9,5.087020520675908
0.0001,7.0e-5,100,300,1.4285714285714288,0.001,0.5,34.7,8.920014947670584
0.0001,7.0e-5,100,400,1.4285714285714288,0.001,0.5,34.1,7.125073099040224
0.0001,7.0e-5,100,500,1.4285714285714288,0.001,0.5,32.7,4.762119042797837
0.0001,7.0e-5,100,600,1.4285714285714288,0.001,0.5,34.4,4.5995168828427575
0.0001,7.0e-5,100,700,1.4285714285714288,0.001,0.5,36.5,5.060742150229659
0.0001,7.0e-5,100,800,1.4285714285714288,0.001,0.5,32.3,6.395310782127793
0.0001,7.0e-5,100,900,1.4285714285714288,0.001,0.5,36.3,6.111010100175293
0.0001,7.0e-5,100,25,1.4285714285714288,0.025,0.5,29.9,4.976611966656298
0.0001,7.0e-5,100,50,1.4285714285714288,0.025,0.5,38.7,5.6774407379851475
0.0001,7.0e-5,100,75,1.4285714285714288,0.025,0.5,37.8,4.541169697580373
0.0001,7.0e-5,100,100,1.4285714285714288,0.025,0.5,40.0,4.69041575982343
0.0001,7.0e-5,100,200,1.4285714285714288,0.025,0.5,40.8,4.417138339593985
0.0001,7.0e-5,100,300,1.4285714285714288,0.025,0.5,43.3,7.717944458640957
0.0001,7.0e-5,100,400,1.4285714285714288,0.025,0.5,41.4,5.125101625008686
0.0001,7.0e-5,100,500,1.4285714285714288,0.025,0.5,43.7,2.6267851073127395
0.0001,7.0e-5,100,600,1.4285714285714288,0.025,0.5,40.0,6.429100507328637
0.0001,7.0e-5,100,700,1.4285714285714288,0.025,0.5,41.8,3.4253953543107016
0.0001,7.0e-5,100,800,1.4285714285714288,0.025,0.5,42.0,5.477225575051661
0.0001,7.0e-5,100,900,1.4285714285714288,0.025,0.5,40.6,5.660781257427675
0.0001,7.0e-5,100,25,1.4285714285714288,0.05,0.5,27.4,5.561774297230456
0.0001,7.0e-5,100,50,1.4285714285714288,0.05,0.5,38.6,4.1952353926806065
0.0001,7.0e-5,100,75,1.4285714285714288,0.05,0.5,36.8,3.489667287547307
0.0001,7.0e-5,100,100,1.4285714285714288,0.05,0.5,41.8,5.223876806442594
0.0001,7.0e-5,100,200,1.4285714285714288,0.05,0.5,40.2,4.7093288033198295
0.0001,7.0e-5,100,300,1.4285714285714288,0.05,0.5,38.4,4.427188724235731
0.0001,7.0e-5,100,400,1.4285714285714288,0.05,0.5,43.7,3.917198545446024
0.0001,7.0e-5,100,500,1.4285714285714288,0.05,0.5,44.1,7.202622979011033
0.0001,7.0e-5,100,600,1.4285714285714288,0.05,0.5,41.9,5.466056876558985
0.0001,7.0e-5,100,700,1.4285714285714288,0.05,0.5,46.9,6.2084172253839744
0.0001,7.0e-5,100,800,1.4285714285714288,0.05,0.5,42.5,6.851601597031489
0.0001,7.0e-5,100,900,1.4285714285714288,0.05,0.5,43.6,4.993328882953068
0.0001,7.0e-5,100,25,1.4285714285714288,0.075,0.5,31.1,5.466056876558985
0.0001,7.0e-5,100,50,1.4285714285714288,0.075,0.5,40.5,5.720334100576838
0.0001,7.0e-5,100,75,1.4285714285714288,0.075,0.5,44.0,7.086763875156433
0.0001,7.0e-5,100,100,1.4285714285714288,0.075,0.5,43.7,5.907622195096772
0.0001,7.0e-5,100,200,1.4285714285714288,0.075,0.5,41.8,5.533734925185902
0.0001,7.0e-5,100,300,1.4285714285714288,0.075,0.5,42.5,6.168918507773916
0.0001,7.0e-5,100,400,1.4285714285714288,0.075,0.5,42.1,6.367451958550173
0.0001,7.0e-5,100,500,1.4285714285714288,0.075,0.5,46.3,6.992853494818835
0.0001,7.0e-5,100,600,1.4285714285714288,0.075,0.5,42.9,7.504813270310076
0.0001,7.0e-5,100,700,1.4285714285714288,0.075,0.5,42.2,4.022160834399561
0.0001,7.0e-5,100,800,1.4285714285714288,0.075,0.5,44.1,7.475143997126596
0.0001,7.0e-5,100,900,1.4285714285714288,0.075,0.5,46.1,7.264066813202276
0.0001,7.0e-5,100,25,1.4285714285714288,0.1,0.5,29.2,3.9944405810520647
0.0001,7.0e-5,100,50,1.4285714285714288,0.1,0.5,37.2,6.713171133426189
0.0001,7.0e-5,100,75,1.4285714285714288,0.1,0.5,37.5,4.994441354590566
0.0001,7.0e-5,100,100,1.4285714285714288,0.1,0.5,43.1,9.024041962077378
0.0001,7.0e-5,100,200,1.4285714285714288,0.1,0.5,41.7,5.907622195096772
0.0001,7.0e-5,100,300,1.4285714285714288,0.1,0.5,45.2,3.8815804341359037
0.0001,7.0e-5,100,400,1.4285714285714288,0.1,0.5,43.1,6.919376979018977
0.0001,7.0e-5,100,500,1.4285714285714288,0.1,0.5,42.8,8.651268372004445
0.0001,7.0e-5,100,600,1.4285714285714288,0.1,0.5,44.7,5.27151675411251
0.0001,7.0e-5,100,700,1.4285714285714288,0.1,0.5,47.6,5.853773711604051
0.0001,7.0e-5,100,800,1.4285714285714288,0.1,0.5,46.9,7.752418977325723
0.0001,7.0e-5,100,900,1.4285714285714288,0.1,0.5,47.1,5.7242175593408975
0.0001,7.0e-5,100,25,1.4285714285714288,0.2,0.5,29.7,2.62678510731274
0.0001,7.0e-5,100,50,1.4285714285714288,0.2,0.5,38.5,3.719318934070233
0.0001,7.0e-5,100,75,1.4285714285714288,0.2,0.5,39.6,5.910442735813733
0.0001,7.0e-5,100,100,1.4285714285714288,0.2,0.5,38.6,6.535373831014651
0.0001,7.0e-5,100,200,1.4285714285714288,0.2,0.5,42.3,5.355163655555055
0.0001,7.0e-5,100,300,1.4285714285714288,0.2,0.5,44.9,7.187179944564875
0.0001,7.0e-5,100,400,1.4285714285714288,0.2,0.5,44.8,10.152175464730043
0.0001,7.0e-5,100,500,1.4285714285714288,0.2,0.5,43.6,5.059644256269407
0.0001,7.0e-5,100,600,1.4285714285714288,0.2,0.5,46.8,5.750362307426087
0.0001,7.0e-5,100,700,1.4285714285714288,0.2,0.5,47.8,5.827139568909908
0.0001,7.0e-5,100,800,1.4285714285714288,0.2,0.5,44.1,5.173651192984184
0.0001,7.0e-5,100,900,1.4285714285714288,0.2,0.5,47.6,5.777350411544878
0.0001,7.0e-5,100,25,1.4285714285714288,0.4,0.5,29.9,4.2282121254470875
0.0001,7.0e-5,100,50,1.4285714285714288,0.4,0.5,39.4,5.015531433014408
0.0001,7.0e-5,100,75,1.4285714285714288,0.4,0.5,38.8,5.613475849338902
0.0001,7.0e-5,100,100,1.4285714285714288,0.4,0.5,43.6,6.603029607687671
0.0001,7.0e-5,100,200,1.4285714285714288,0.4,0.5,46.5,5.681353516353104
0.0001,7.0e-5,100,300,1.4285714285714288,0.4,0.5,46.4,5.399588461684424
0.0001,7.0e-5,100,400,1.4285714285714288,0.4,0.5,42.8,6.214677966091423
0.0001,7.0e-5,100,500,1.4285714285714288,0.4,0.5,46.1,6.756889488185784
0.0001,7.0e-5,100,600,1.4285714285714288,0.4,0.5,48.5,6.078194176270157
0.0001,7.0e-5,100,700,1.4285714285714288,0.4,0.5,46.6,3.806427312965386
0.0001,7.0e-5,100,800,1.4285714285714288,0.4,0.5,47.4,7.904991390816875
0.0001,7.0e-5,100,900,1.4285714285714288,0.4,0.5,49.5,7.3824115301167
0.0001,7.0e-5,100,25,1.4285714285714288,0.6,0.5,33.0,3.496029493900505
0.0001,7.0e-5,100,50,1.4285714285714288,0.6,0.5,39.9,6.723920813863821
0.0001,7.0e-5,100,75,1.4285714285714288,0.6,0.5,41.4,3.7475918193480524
0.0001,7.0e-5,100,100,1.4285714285714288,0.6,0.5,44.9,5.1305187088853135
0.0001,7.0e-5,100,200,1.4285714285714288,0.6,0.5,46.5,7.245688373094719
0.0001,7.0e-5,100,300,1.4285714285714288,0.6,0.5,45.3,7.0561242115547325
0.0001,7.0e-5,100,400,1.4285714285714288,0.6,0.5,43.0,7.4981479194679945
0.0001,7.0e-5,100,500,1.4285714285714288,0.6,0.5,47.5,8.682677518420737
0.0001,7.0e-5,100,600,1.4285714285714288,0.6,0.5,47.8,7.360555534589613
0.0001,7.0e-5,100,700,1.4285714285714288,0.6,0.5,51.8,4.157990967870047
0.0001,7.0e-5,100,800,1.4285714285714288,0.6,0.5,50.2,8.740709353364863
0.0001,7.0e-5,100,900,1.4285714285714288,0.6,0.5,49.1,9.689054534771584
0.0001,7.0e-5,100,25,1.4285714285714288,0.8,0.5,33.7,6.056218108504496
0.0001,7.0e-5,100,50,1.4285714285714288,0.8,0.5,43.4,3.40587727318528
0.0001,7.0e-5,100,75,1.4285714285714288,0.8,0.5,43.7,5.518655230720212
0.0001,7.0e-5,100,100,1.4285714285714288,0.8,0.5,46.6,7.058485830702094
0.0001,7.0e-5,100,200,1.4285714285714288,0.8,0.5,46.5,7.230337321161287
0.0001,7.0e-5,100,300,1.4285714285714288,0.8,0.5,48.9,8.924996109554085
0.0001,7.0e-5,100,400,1.4285714285714288,0.8,0.5,46.5,6.363961030678928
0.0001,7.0e-5,100,500,1.4285714285714288,0.8,0.5,45.9,6.190494505467412
0.0001,7.0e-5,100,600,1.4285714285714288,0.8,0.5,49.7,9.90005611656374
0.0001,7.0e-5,100,700,1.4285714285714288,0.8,0.5,50.5,8.181958472422385
0.0001,7.0e-5,100,800,1.4285714285714288,0.8,0.5,46.6,7.560129334578579
0.0001,7.0e-5,100,900,1.4285714285714288,0.8,0.5,51.7,2.9458068127047605
0.0001,7.0e-5,100,25,1.4285714285714288,1.0,0.5,31.9,3.6953424138441564
0.0001,7.0e-5,100,50,1.4285714285714288,1.0,0.5,44.0,3.858612300930075
0.0001,7.0e-5,100,75,1.4285714285714288,1.0,0.5,43.6,3.657564459825387
0.0001,7.0e-5,100,100,1.4285714285714288,1.0,0.5,45.2,7.405703507732702
0.0001,7.0e-5,100,200,1.4285714285714288,1.0,0.5,47.0,8.151346173758322
0.0001,7.0e-5,100,300,1.4285714285714288,1.0,0.5,45.8,6.338594306135847
0.0001,7.0e-5,100,400,1.4285714285714288,1.0,0.5,44.6,3.5962943891363133
0.0001,7.0e-5,100,500,1.4285714285714288,1.0,0.5,47.0,5.312459150169742
0.0001,7.0e-5,100,600,1.4285714285714288,1.0,0.5,48.5,7.5314156851300025
0.0001,7.0e-5,100,700,1.4285714285714288,1.0,0.5,49.8,7.405703507732702
0.0001,7.0e-5,100,800,1.4285714285714288,1.0,0.5,51.3,5.578729445153459
0.0001,7.0e-5,100,900,1.4285714285714288,1.0,0.5,50.6,9.547541859324607
0.0001,0.0001,100,25,1.0,0.0,0.5,105.1,8.359292899389144
0.0001,0.0001,100,50,1.0,0.0,0.5,187.7,9.87758405009376
0.0001,0.0001,100,75,1.0,0.0,0.5,231.2,7.083627444874397
0.0001,0.0001,100,100,1.0,0.0,0.5,279.5,9.204467514322717
0.0001,0.0001,100,200,1.0,0.0,0.5,389.7,15.528110710006617
0.0001,0.0001,100,300,1.0,0.0,0.5,432.9,9.791719858011552
0.0001,0.0001,100,400,1.0,0.0,0.5,474.4,8.071899129421498
0.0001,0.0001,100,500,1.0,0.0,0.5,500.9,10.093452222989802
0.0001,0.0001,100,600,1.0,0.0,0.5,531.3,15.578118557058737
0.0001,0.0001,100,700,1.0,0.0,0.5,544.4,21.20901275925455
0.0001,0.0001,100,800,1.0,0.0,0.5,546.8,20.96452029289273
0.0001,0.0001,100,900,1.0,0.0,0.5,558.9,8.621033709609435
0.0001,0.0001,100,25,1.0,0.0001,0.5,28.8,3.5213633723318014
0.0001,0.0001,100,50,1.0,0.0001,0.5,30.7,4.945255863507525
0.0001,0.0001,100,75,1.0,0.0001,0.5,24.7,2.7100635498903793
0.0001,0.0001,100,100,1.0,0.0001,0.5,23.4,4.835057163858332
0.0001,0.0001,100,200,1.0,0.0001,0.5,13.0,4.447221354708778
0.0001,0.0001,100,300,1.0,0.0001,0.5,8.9,2.923088169119167
0.0001,0.0001,100,400,1.0,0.0001,0.5,7.2,3.4896672875473063
0.0001,0.0001,100,500,1.0,0.0001,0.5,7.1,2.183269719175042
0.0001,0.0001,100,600,1.0,0.0001,0.5,5.1,2.8460498941515415
0.0001,0.0001,100,700,1.0,0.0001,0.5,6.7,2.263232692902394
0.0001,0.0001,100,800,1.0,0.0001,0.5,5.7,1.5670212364724212
0.0001,0.0001,100,900,1.0,0.0001,0.5,3.1,1.5951314818673865
0.0001,0.0001,100,25,1.0,0.001,0.5,13.6,3.339993346633426
0.0001,0.0001,100,50,1.0,0.001,0.5,15.2,4.049691346263317
0.0001,0.0001,100,75,1.0,0.001,0.5,11.8,4.1041983924323695
0.0001,0.0001,100,100,1.0,0.001,0.5,13.3,4.001388647846033
0.0001,0.0001,100,200,1.0,0.001,0.5,8.4,3.0983866769659336
0.0001,0.0001,100,300,1.0,0.001,0.5,7.8,3.0840089349921005
0.0001,0.0001,100,400,1.0,0.001,0.5,5.9,1.7919573407620817
0.0001,0.0001,100,500,1.0,0.001,0.5,5.8,1.3984117975602022
0.0001,0.0001,100,600,1.0,0.001,0.5,6.2,4.077035960378841
0.0001,0.0001,100,700,1.0,0.001,0.5,5.7,3.2335051500740732
0.0001,0.0001,100,800,1.0,0.001,0.5,6.8,3.32665998663324
0.0001,0.0001,100,900,1.0,0.001,0.5,7.2,3.852848873813304
0.0001,0.0001,100,25,1.0,0.025,0.5,14.6,4.788875998951459
0.0001,0.0001,100,50,1.0,0.025,0.5,17.1,3.314949304120485
0.0001,0.0001,100,75,1.0,0.025,0.5,15.5,4.034572812303401
0.0001,0.0001,100,100,1.0,0.025,0.5,17.3,3.772709017845577
0.0001,0.0001,100,200,1.0,0.025,0.5,15.4,3.9214509786273974
0.0001,0.0001,100,300,1.0,0.025,0.5,17.8,3.6453928305312844
0.0001,0.0001,100,400,1.0,0.025,0.5,16.2,4.184627953726724
0.0001,0.0001,100,500,1.0,0.025,0.5,16.8,4.237399621885521
0.0001,0.0001,100,600,1.0,0.025,0.5,15.3,4.595891885393108
0.0001,0.0001,100,700,1.0,0.025,0.5,14.7,4.522781838156198
0.0001,0.0001,100,800,1.0,0.025,0.5,16.2,4.263540521418529
0.0001,0.0001,100,900,1.0,0.025,0.5,14.4,2.590581230363393
0.0001,0.0001,100,25,1.0,0.05,0.5,14.7,3.0568684048294332
0.0001,0.0001,100,50,1.0,0.05,0.5,16.9,3.9285281382896233
0.0001,0.0001,100,75,1.0,0.05,0.5,16.9,4.483302354291979
0.0001,0.0001,100,100,1.0,0.05,0.5,16.7,2.9458068127047605
0.0001,0.0001,100,200,1.0,0.05,0.5,16.5,3.9510898637098992
0.0001,0.0001,100,300,1.0,0.05,0.5,14.2,3.259175083088085
0.0001,0.0001,100,400,1.0,0.05,0.5,18.7,4.762119042797837
0.0001,0.0001,100,500,1.0,0.05,0.5,13.1,3.381321240777536
0.0001,0.0001,100,600,1.0,0.05,0.5,12.3,3.368151487751767
0.0001,0.0001,100,700,1.0,0.05,0.5,15.7,3.3349995835415367
0.0001,0.0001,100,800,1.0,0.05,0.5,14.3,4.854551129266914
0.0001,0.0001,100,900,1.0,0.05,0.5,13.7,2.7100635498903793
0.0001,0.0001,100,25,1.0,0.075,0.5,17.3,3.0203016773531446
0.0001,0.0001,100,50,1.0,0.075,0.5,17.1,5.043147165543886
0.0001,0.0001,100,75,1.0,0.075,0.5,14.1,3.3482997343593826
0.0001,0.0001,100,100,1.0,0.075,0.5,16.5,3.13581462037113
0.0001,0.0001,100,200,1.0,0.075,0.5,13.7,4.595891885393108
0.0001,0.0001,100,300,1.0,0.075,0.5,15.9,3.8715486421958962
0.0001,0.0001,100,400,1.0,0.075,0.5,15.2,4.1041983924323695
0.0001,0.0001,100,500,1.0,0.075,0.5,16.4,5.211099265563415
0.0001,0.0001,100,600,1.0,0.075,0.5,16.1,3.142893217686179
0.0001,0.0001,100,700,1.0,0.075,0.5,17.6,4.033195589934446
0.0001,0.0001,100,800,1.0,0.075,0.5,15.4,4.857983120596448
0.0001,0.0001,100,900,1.0,0.075,0.5,13.9,2.998147576235848
0.0001,0.0001,100,25,1.0,0.1,0.5,16.2,2.6161889160464775
0.0001,0.0001,100,50,1.0,0.1,0.5,17.7,3.9171985454460234
0.0001,0.0001,100,75,1.0,0.1,0.5,16.0,2.8674417556808756
0.0001,0.0001,100,100,1.0,0.1,0.5,19.7,6.3604681868204915
0.0001,0.0001,100,200,1.0,0.1,0.5,19.2,4.685675570881488
0.0001,0.0001,100,300,1.0,0.1,0.5,14.7,3.653004851412662
0.0001,0.0001,100,400,1.0,0.1,0.5,13.8,2.6583202716502514
0.0001,0.0001,100,500,1.0,0.1,0.5,14.5,4.478342947514801
0.0001,0.0001,100,600,1.0,0.1,0.5,14.8,3.552776691859794
0.0001,0.0001,100,700,1.0,0.1,0.5,14.6,4.402019738458447
0.0001,0.0001,100,800,1.0,0.1,0.5,15.5,6.620674688680402
0.0001,0.0001,100,900,1.0,0.1,0.5,14.6,4.087922591134904
0.0001,0.0001,100,25,1.0,0.2,0.5,16.0,2.943920288775949
0.0001,0.0001,100,50,1.0,0.2,0.5,17.1,2.4698178070456938
0.0001,0.0001,100,75,1.0,0.2,0.5,16.0,5.637178175095921
0.0001,0.0001,100,100,1.0,0.2,0.5,15.8,1.8737959096740262
0.0001,0.0001,100,200,1.0,0.2,0.5,16.7,5.355163655555055
0.0001,0.0001,100,300,1.0,0.2,0.5,15.8,6.613118276073196
0.0001,0.0001,100,400,1.0,0.2,0.5,16.5,3.6285901761795403
0.0001,0.0001,100,500,1.0,0.2,0.5,13.5,3.13581462037113
0.0001,0.0001,100,600,1.0,0.2,0.5,14.5,2.3213980461973533
0.0001,0.0001,100,700,1.0,0.2,0.5,15.4,4.9035134795822115
0.0001,0.0001,100,800,1.0,0.2,0.5,12.6,2.836272984824353
0.0001,0.0001,100,900,1.0,0.2,0.5,15.8,4.825856285561029
0.0001,0.0001,100,25,1.0,0.4,0.5,15.1,3.4785054261852175
0.0001,0.0001,100,50,1.0,0.4,0.5,16.8,3.8815804341359037
0.0001,0.0001,100,75,1.0,0.4,0.5,16.5,3.6285901761795403
0.0001,0.0001,100,100,1.0,0.4,0.5,16.6,3.272783388968954
0.0001,0.0001,100,200,1.0,0.4,0.5,17.9,4.332051092342595
0.0001,0.0001,100,300,1.0,0.4,0.5,15.7,2.7100635498903793
0.0001,0.0001,100,400,1.0,0.4,0.5,16.6,3.687817782917155
0.0001,0.0001,100,500,1.0,0.4,0.5,14.9,2.5144029554194813
0.0001,0.0001,100,600,1.0,0.4,0.5,15.4,4.29987079909256
0.0001,0.0001,100,700,1.0,0.4,0.5,14.9,4.357624225296267
0.0001,0.0001,100,800,1.0,0.4,0.5,16.6,3.717824931626316
0.0001,0.0001,100,900,1.0,0.4,0.5,11.6,3.9214509786273983
0.0001,0.0001,100,25,1.0,0.6,0.5,16.0,4.737556801183965
0.0001,0.0001,100,50,1.0,0.6,0.5,19.5,4.8362060428489695
0.0001,0.0001,100,75,1.0,0.6,0.5,18.0,3.197221015541813
0.0001,0.0001,100,100,1.0,0.6,0.5,15.3,4.498147766951785
0.0001,0.0001,100,200,1.0,0.6,0.5,14.6,4.005551702879947
0.0001,0.0001,100,300,1.0,0.6,0.5,14.8,5.750362307426087
0.0001,0.0001,100,400,1.0,0.6,0.5,15.6,4.141926551202418
0.0001,0.0001,100,500,1.0,0.6,0.5,18.4,2.836272984824353
0.0001,0.0001,100,600,1.0,0.6,0.5,14.9,4.1486276177925525
0.0001,0.0001,100,700,1.0,0.6,0.5,13.1,3.414023367751831
0.0001,0.0001,100,800,1.0,0.6,0.5,14.1,6.488451279003334
0.0001,0.0001,100,900,1.0,0.6,0.5,14.3,3.622460796505909
0.0001,0.0001,100,25,1.0,0.8,0.5,15.6,4.29987079909256
0.0001,0.0001,100,50,1.0,0.8,0.5,14.8,3.521363372331802
0.0001,0.0001,100,75,1.0,0.8,0.5,16.6,3.687817782917155
0.0001,0.0001,100,100,1.0,0.8,0.5,16.5,3.92286743197994
0.0001,0.0001,100,200,1.0,0.8,0.5,17.4,3.6878177829171546
0.0001,0.0001,100,300,1.0,0.8,0.5,16.0,2.748737083745107
0.0001,0.0001,100,400,1.0,0.8,0.5,13.4,4.005551702879947
0.0001,0.0001,100,500,1.0,0.8,0.5,15.8,3.0477678535099897
0.0001,0.0001,100,600,1.0,0.8,0.5,17.9,5.363456596884761
0.0001,0.0001,100,700,1.0,0.8,0.5,16.1,3.5418137224371984
0.0001,0.0001,100,800,1.0,0.8,0.5,15.4,5.680375574437544
0.0001,0.0001,100,900,1.0,0.8,0.5,13.8,3.8239014399199966
0.0001,0.0001,100,25,1.0,1.0,0.5,17.2,3.675746333890726
0.0001,0.0001,100,50,1.0,1.0,0.5,18.1,4.332051092342595
0.0001,0.0001,100,75,1.0,1.0,0.5,17.0,3.265986323710904
0.0001,0.0001,100,100,1.0,1.0,0.5,16.9,3.813717929323621
0.0001,0.0001,100,200,1.0,1.0,0.5,14.5,4.034572812303401
0.0001,0.0001,100,300,1.0,1.0,0.5,16.7,4.321779468896785
0.0001,0.0001,100,400,1.0,1.0,0.5,14.7,3.267686915507326
0.0001,0.0001,100,500,1.0,1.0,0.5,14.6,4.141926551202419
0.0001,0.0001,100,600,1.0,1.0,0.5,14.3,3.772709017845577
0.0001,0.0001,100,700,1.0,1.0,0.5,14.4,5.125101625008686
0.0001,0.0001,100,800,1.0,1.0,0.5,15.7,2.5841396591085743
0.0001,0.0001,100,900,1.0,1.0,0.5,17.4,5.796550698475776
0.0001,0.0003,100,25,0.33333333333333337,0.0,0.5,41.7,3.743141876967945
0.0001,0.0003,100,50,0.33333333333333337,0.0,0.5,59.2,5.116422361159971
0.0001,0.0003,100,75,0.33333333333333337,0.0,0.5,71.4,9.045563676312396
0.0001,0.0003,100,100,0.33333333333333337,0.0,0.5,78.9,6.261877602693229
0.0001,0.0003,100,200,0.33333333333333337,0.0,0.5,96.5,8.885068623507893
0.0001,0.0003,100,300,0.33333333333333337,0.0,0.5,112.5,10.309111396128076
0.0001,0.0003,100,400,0.33333333333333337,0.0,0.5,113.6,9.082339395160748
0.0001,0.0003,100,500,0.33333333333333337,0.0,0.5,117.8,7.8993670632526
0.0001,0.0003,100,600,0.33333333333333337,0.0,0.5,125.6,8.88444333277743
0.0001,0.0003,100,700,0.33333333333333337,0.0,0.5,130.4,11.413442367080435
0.0001,0.0003,100,800,0.33333333333333337,0.0,0.5,142.1,9.949316001057001
0.0001,0.0003,100,900,0.33333333333333337,0.0,0.5,136.9,9.527154174603593
0.0001,0.0003,100,25,0.33333333333333337,0.0001,0.5,10.9,1.7919573407620817
0.0001,0.0003,100,50,0.33333333333333337,0.0001,0.5,10.0,3.559026084010437
0.0001,0.0003,100,75,0.33333333333333337,0.0001,0.5,8.9,2.8460498941515415
0.0001,0.0003,100,100,0.33333333333333337,0.0001,0.5,9.4,3.238655413730965
0.0001,0.0003,100,200,0.33333333333333337,0.0001,0.5,7.6,2.5473297566057065
0.0001,0.0003,100,300,0.33333333333333337,0.0001,0.5,5.6,1.776388345929897
0.0001,0.0003,100,400,0.33333333333333337,0.0001,0.5,5.7,2.3118054512532935
0.0001,0.0003,100,500,0.33333333333333337,0.0001,0.5,6.7,1.3374935098492586
0.0001,0.0003,100,600,0.33333333333333337,0.0001,0.5,5.3,3.0203016773531455
0.0001,0.0003,100,700,0.33333333333333337,0.0001,0.5,7.6,2.4585451886114367
0.0001,0.0003,100,800,0.33333333333333337,0.0001,0.5,7.0,2.70801280154532
0.0001,0.0003,100,900,0.33333333333333337,0.0001,0.5,6.7,1.9465068427541912
0.0001,0.0003,100,25,0.33333333333333337,0.001,0.5,5.5,2.3687784005919825
0.0001,0.0003,100,50,0.33333333333333337,0.001,0.5,6.9,2.766867462592951
0.0001,0.0003,100,75,0.33333333333333337,0.001,0.5,6.4,2.0110804171997807
0.0001,0.0003,100,100,0.33333333333333337,0.001,0.5,6.1,3.784471194529326
0.0001,0.0003,100,200,0.33333333333333337,0.001,0.5,5.5,2.1213203435596424
0.0001,0.0003,100,300,0.33333333333333337,0.001,0.5,7.5,3.2058973436118907
0.0001,0.0003,100,400,0.33333333333333337,0.001,0.5,5.1,2.884826203122507
0.0001,0.0003,100,500,0.33333333333333337,0.001,0.5,7.6,3.438345855527367
0.0001,0.0003,100,600,0.33333333333333337,0.001,0.5,8.1,4.04007700696685
0.0001,0.0003,100,700,0.33333333333333337,0.001,0.5,7.2,2.7406406388125952
0.0001,0.0003,100,800,0.33333333333333337,0.001,0.5,6.9,3.2472210341220142
0.0001,0.0003,100,900,0.33333333333333337,0.001,0.5,10.2,5.028805910838963
0.0001,0.0003,100,25,0.33333333333333337,0.025,0.5,7.2,2.859681411936962
0.0001,0.0003,100,50,0.33333333333333337,0.025,0.5,10.5,3.2744804507314167
0.0001,0.0003,100,75,0.33333333333333337,0.025,0.5,8.9,2.8067379246694513
0.0001,0.0003,100,100,0.33333333333333337,0.025,0.5,11.9,5.321862664727663
0.0001,0.0003,100,200,0.33333333333333337,0.025,0.5,15.1,3.1073389830457114
0.0001,0.0003,100,300,0.33333333333333337,0.025,0.5,18.3,2.6687491868330797
0.0001,0.0003,100,400,0.33333333333333337,0.025,0.5,21.2,5.692099788303083
0.0001,0.0003,100,500,0.33333333333333337,0.025,0.5,23.0,5.849976258261415
0.0001,0.0003,100,600,0.33333333333333337,0.025,0.5,20.9,4.067486256208427
0.0001,0.0003,100,700,0.33333333333333337,0.025,0.5,27.3,3.683295625749672
0.0001,0.0003,100,800,0.33333333333333337,0.025,0.5,30.3,4.877385456255112
0.0001,0.0003,100,900,0.33333333333333337,0.025,0.5,25.0,6.342099196813483
0.0001,0.0003,100,25,0.33333333333333337,0.05,0.5,6.5,4.249182927993988
0.0001,0.0003,100,50,0.33333333333333337,0.05,0.5,9.9,3.573047252229764
0.0001,0.0003,100,75,0.33333333333333337,0.05,0.5,10.5,2.223610677354389
0.0001,0.0003,100,100,0.33333333333333337,0.05,0.5,10.1,2.330951164939612
0.0001,0.0003,100,200,0.33333333333333337,0.05,0.5,16.1,5.195083145522205
0.0001,0.0003,100,300,0.33333333333333337,0.05,0.5,15.2,3.705851229249946
0.0001,0.0003,100,400,0.33333333333333337,0.05,0.5,20.3,6.976946164173677
0.0001,0.0003,100,500,0.33333333333333337,0.05,0.5,23.2,5.4528280124476085
0.0001,0.0003,100,600,0.33333333333333337,0.05,0.5,23.5,4.8362060428489695
0.0001,0.0003,100,700,0.33333333333333337,0.05,0.5,24.8,3.7058512292499457
0.0001,0.0003,100,800,0.33333333333333337,0.05,0.5,27.7,8.794569031194447
0.0001,0.0003,100,900,0.33333333333333337,0.05,0.5,28.3,5.250396810400778
0.0001,0.0003,100,25,0.33333333333333337,0.075,0.5,6.8,2.485513584307633
0.0001,0.0003,100,50,0.33333333333333337,0.075,0.5,9.2,3.190262963734773
0.0001,0.0003,100,75,0.33333333333333337,0.075,0.5,9.6,3.6270588023294517
0.0001,0.0003,100,100,0.33333333333333337,0.075,0.5,10.2,3.2591750830880843
0.0001,0.0003,100,200,0.33333333333333337,0.075,0.5,16.2,4.022160834399562
0.0001,0.0003,100,300,0.33333333333333337,0.075,0.5,16.4,3.0983866769659336
0.0001,0.0003,100,400,0.33333333333333337,0.075,0.5,22.2,3.9384147967311813
0.0001,0.0003,100,500,0.33333333333333337,0.075,0.5,22.2,3.6453928305312844
0.0001,0.0003,100,600,0.33333333333333337,0.075,0.5,27.1,3.478505426185217
0.0001,0.0003,100,700,0.33333333333333337,0.075,0.5,26.3,7.409453421137082
0.0001,0.0003,100,800,0.33333333333333337,0.075,0.5,25.2,5.65292451352002
0.0001,0.0003,100,900,0.33333333333333337,0.075,0.5,26.1,4.508017549014447
0.0001,0.0003,100,25,0.33333333333333337,0.1,0.5,7.1,2.960855732160327
0.0001,0.0003,100,50,0.33333333333333337,0.1,0.5,8.8,2.1499353995462798
0.0001,0.0003,100,75,0.33333333333333337,0.1,0.5,11.3,3.3015148038438356
0.0001,0.0003,100,100,0.33333333333333337,0.1,0.5,12.5,2.5495097567963922
0.0001,0.0003,100,200,0.33333333333333337,0.1,0.5,13.1,4.012480529547776
0.0001,0.0003,100,300,0.33333333333333337,0.1,0.5,17.1,6.15449248742557
0.0001,0.0003,100,400,0.33333333333333337,0.1,0.5,17.5,4.478342947514801
0.0001,0.0003,100,500,0.33333333333333337,0.1,0.5,20.4,6.058969476000941
0.0001,0.0003,100,600,0.33333333333333337,0.1,0.5,27.5,6.948221195225277
0.0001,0.0003,100,700,0.33333333333333337,0.1,0.5,23.7,6.498717822257966
0.0001,0.0003,100,800,0.33333333333333337,0.1,0.5,26.4,5.168279318217149
0.0001,0.0003,100,900,0.33333333333333337,0.1,0.5,27.0,4.0276819911981905
0.0001,0.0003,100,25,0.33333333333333337,0.2,0.5,6.7,2.4060109910158114
0.0001,0.0003,100,50,0.33333333333333337,0.2,0.5,7.4,2.1705094128132942
0.0001,0.0003,100,75,0.33333333333333337,0.2,0.5,10.9,4.817791102892602
0.0001,0.0003,100,100,0.33333333333333337,0.2,0.5,12.2,3.5213633723318023
0.0001,0.0003,100,200,0.33333333333333337,0.2,0.5,13.3,5.558776843874918
0.0001,0.0003,100,300,0.33333333333333337,0.2,0.5,16.3,4.9899899799498595
0.0001,0.0003,100,400,0.33333333333333337,0.2,0.5,20.9,3.2812599206199238
0.0001,0.0003,100,500,0.33333333333333337,0.2,0.5,24.6,5.501514942874069
0.0001,0.0003,100,600,0.33333333333333337,0.2,0.5,25.3,7.257945837341153
0.0001,0.0003,100,700,0.33333333333333337,0.2,0.5,21.7,3.945461527713414
0.0001,0.0003,100,800,0.33333333333333337,0.2,0.5,26.4,6.415259585983685
0.0001,0.0003,100,900,0.33333333333333337,0.2,0.5,26.5,6.293735862833069
0.0001,0.0003,100,25,0.33333333333333337,0.4,0.5,7.2,2.6583202716502514
0.0001,0.0003,100,50,0.33333333333333337,0.4,0.5,9.6,2.988868236194653
0.0001,0.0003,100,75,0.33333333333333337,0.4,0.5,9.7,3.591656999213594
0.0001,0.0003,100,100,0.33333333333333337,0.4,0.5,11.7,2.2632326929023945
0.0001,0.0003,100,200,0.33333333333333337,0.4,0.5,15.0,6.182412330330469
0.0001,0.0003,100,300,0.33333333333333337,0.4,0.5,15.9,3.3813212407775355
0.0001,0.0003,100,400,0.33333333333333337,0.4,0.5,21.5,6.1869037310901955
0.0001,0.0003,100,500,0.33333333333333337,0.4,0.5,20.7,4.24394994210713
0.0001,0.0003,100,600,0.33333333333333337,0.4,0.5,22.5,2.8382310609877335
0.0001,0.0003,100,700,0.33333333333333337,0.4,0.5,22.9,2.7668674625929515
0.0001,0.0003,100,800,0.33333333333333337,0.4,0.5,27.7,6.498717822257967
0.0001,0.0003,100,900,0.33333333333333337,0.4,0.5,28.2,6.069962474714687
0.0001,0.0003,100,25,0.33333333333333337,0.6,0.5,8.2,3.489667287547307
0.0001,0.0003,100,50,0.33333333333333337,0.6,0.5,6.4,2.6749870196985173
0.0001,0.0003,100,75,0.33333333333333337,0.6,0.5,11.6,2.065591117977289
0.0001,0.0003,100,100,0.33333333333333337,0.6,0.5,11.1,2.1317702607092643
0.0001,0.0003,100,200,0.33333333333333337,0.6,0.5,13.0,3.858612300930075
0.0001,0.0003,100,300,0.33333333333333337,0.6,0.5,15.0,4.594682917363407
0.0001,0.0003,100,400,0.33333333333333337,0.6,0.5,23.1,4.433458644845529
0.0001,0.0003,100,500,0.33333333333333337,0.6,0.5,23.0,4.163331998932265
0.0001,0.0003,100,600,0.33333333333333337,0.6,0.5,22.4,3.627058802329451
0.0001,0.0003,100,700,0.33333333333333337,0.6,0.5,23.8,3.7653389990514508
0.0001,0.0003,100,800,0.33333333333333337,0.6,0.5,27.1,7.1250730990402245
0.0001,0.0003,100,900,0.33333333333333337,0.6,0.5,25.9,5.173651192984184
0.0001,0.0003,100,25,0.33333333333333337,0.8,0.5,6.5,2.223610677354389
0.0001,0.0003,100,50,0.33333333333333337,0.8,0.5,7.3,3.400980250849256
0.0001,0.0003,100,75,0.33333333333333337,0.8,0.5,10.6,4.623610902506587
0.0001,0.0003,100,100,0.33333333333333337,0.8,0.5,12.7,3.831158803518562
0.0001,0.0003,100,200,0.33333333333333337,0.8,0.5,16.9,2.0789954839350235
0.0001,0.0003,100,300,0.33333333333333337,0.8,0.5,16.5,3.5668224265054493
0.0001,0.0003,100,400,0.33333333333333337,0.8,0.5,20.6,3.7475918193480524
0.0001,0.0003,100,500,0.33333333333333337,0.8,0.5,19.5,7.5314156851300025
0.0001,0.0003,100,600,0.33333333333333337,0.8,0.5,24.3,6.129165250396392
0.0001,0.0003,100,700,0.33333333333333337,0.8,0.5,22.0,4.136557881996952
0.0001,0.0003,100,800,0.33333333333333337,0.8,0.5,22.3,6.447221623821122
0.0001,0.0003,100,900,0.33333333333333337,0.8,0.5,28.2,5.553777493242275
0.0001,0.0003,100,25,0.33333333333333337,1.0,0.5,7.3,3.0203016773531455
0.0001,0.0003,100,50,0.33333333333333337,1.0,0.5,10.5,3.5978388574871505
0.0001,0.0003,100,75,0.33333333333333337,1.0,0.5,9.4,2.716206504995115
0.0001,0.0003,100,100,0.33333333333333337,1.0,0.5,13.0,6.018490028422596
0.0001,0.0003,100,200,0.33333333333333337,1.0,0.5,16.5,2.8382310609877335
0.0001,0.0003,100,300,0.33333333333333337,1.0,0.5,17.0,5.163977794943222
0.0001,0.0003,100,400,0.33333333333333337,1.0,0.5,19.9,2.766867462592951
0.0001,0.0003,100,500,0.33333333333333337,1.0,0.5,22.5,4.672615256292062
0.0001,0.0003,100,600,0.33333333333333337,1.0,0.5,24.7,6.272515001532036
0.0001,0.0003,100,700,0.33333333333333337,1.0,0.5,24.4,5.561774297230456
0.0001,0.0003,100,800,0.33333333333333337,1.0,0.5,25.1,5.952590472502988
0.0001,0.0003,100,900,0.33333333333333337,1.0,0.5,25.4,5.853773711604052
0.0001,0.001,100,25,0.1,0.0,0.5,2.4,1.577621275493231
0.0001,0.001,100,50,0.1,0.0,0.5,3.5,1.8408935028645435
0.0001,0.001,100,75,0.1,0.0,0.5,4.1,1.6633299933166201
0.0001,0.001,100,100,0.1,0.0,0.5,4.3,1.4944341180973264
0.0001,0.001,100,200,0.1,0.0,0.5,7.5,2.068278940998476
0.0001,0.001,100,300,0.1,0.0,0.5,11.1,4.012480529547776
0.0001,0.001,100,400,0.1,0.0,0.5,12.1,4.067486256208427
0.0001,0.001,100,500,0.1,0.0,0.5,17.1,3.4785054261852175
0.0001,0.001,100,600,0.1,0.0,0.5,18.4,5.378971401051816
0.0001,0.001,100,700,0.1,0.0,0.5,22.4,5.337498373666159
0.0001,0.001,100,800,0.1,0.0,0.5,20.4,2.633122354417533
0.0001,0.001,100,900,0.1,0.0,0.5,28.6,4.599516882842757
0.0001,0.001,100,25,0.1,0.0001,0.5,1.6,0.9660917830792959
0.0001,0.001,100,50,0.1,0.0001,0.5,2.1,1.1972189997378648
0.0001,0.001,100,75,0.1,0.0001,0.5,2.9,1.66332999331662
0.0001,0.001,100,100,0.1,0.0001,0.5,3.3,1.2516655570345725
0.0001,0.001,100,200,0.1,0.0001,0.5,7.0,2.0548046676563256
0.0001,0.001,100,300,0.1,0.0001,0.5,9.0,2.8284271247461903
0.0001,0.001,100,400,0.1,0.0001,0.5,10.2,2.898275349237888
0.0001,0.001,100,500,0.1,0.0001,0.5,13.1,3.665151201974256
0.0001,0.001,100,600,0.1,0.0001,0.5,18.6,3.5023801430836525
0.0001,0.001,100,700,0.1,0.0001,0.5,19.8,2.394437999475729
0.0001,0.001,100,800,0.1,0.0001,0.5,21.9,6.2084172253839744
0.0001,0.001,100,900,0.1,0.0001,0.5,24.5,4.034572812303401
0.0001,0.001,100,25,0.1,0.001,0.5,2.0,1.4142135623730951
0.0001,0.001,100,50,0.1,0.001,0.5,3.9,1.3703203194062978
0.0001,0.001,100,75,0.1,0.001,0.5,5.3,2.0027758514399734
0.0001,0.001,100,100,0.1,0.001,0.5,7.6,3.0258148581093915
0.0001,0.001,100,200,0.1,0.001,0.5,11.9,4.701063709417263
0.0001,0.001,100,300,0.1,0.001,0.5,18.0,4.422166387140534
0.0001,0.001,100,400,0.1,0.001,0.5,19.7,5.012207320355197
0.0001,0.001,100,500,0.1,0.001,0.5,28.3,4.347413023856832
0.0001,0.001,100,600,0.1,0.001,0.5,35.5,3.9510898637098992
0.0001,0.001,100,700,0.1,0.001,0.5,43.9,5.10881590977792
0.0001,0.001,100,800,0.1,0.001,0.5,54.0,8.666666666666666
0.0001,0.001,100,900,0.1,0.001,0.5,51.0,6.4635731432217725
0.0001,0.001,100,25,0.1,0.025,0.5,8.1,2.5144029554194813
0.0001,0.001,100,50,0.1,0.025,0.5,13.7,3.3015148038438356
0.0001,0.001,100,75,0.1,0.025,0.5,19.0,4.642796092394707
0.0001,0.001,100,100,0.1,0.025,0.5,23.6,4.351245032554859
0.0001,0.001,100,200,0.1,0.025,0.5,40.3,8.512082915218551
0.0001,0.001,100,300,0.1,0.025,0.5,51.6,9.946523680831074
0.0001,0.001,100,400,0.1,0.025,0.5,58.0,10.593499054713803
0.0001,0.001,100,500,0.1,0.025,0.5,66.1,8.130190649671137
0.0001,0.001,100,600,0.1,0.025,0.5,77.8,15.654605286198265
0.0001,0.001,100,700,0.1,0.025,0.5,85.6,23.92674003889558
0.0001,0.001,100,800,0.1,0.025,0.5,104.0,10.739335795724674
0.0001,0.001,100,900,0.1,0.025,0.5,102.8,12.908223046656044
0.0001,0.001,100,25,0.1,0.05,0.5,7.1,2.2335820757001272
0.0001,0.001,100,50,0.1,0.05,0.5,12.9,5.384133067531753
0.0001,0.001,100,75,0.1,0.05,0.5,15.8,4.022160834399562
0.0001,0.001,100,100,0.1,0.05,0.5,22.9,6.854844191437825
0.0001,0.001,100,200,0.1,0.05,0.5,33.7,7.572611467944492
0.0001,0.001,100,300,0.1,0.05,0.5,42.0,7.71722460186015
0.0001,0.001,100,400,0.1,0.05,0.5,53.1,7.578478299324564
0.0001,0.001,100,500,0.1,0.05,0.5,55.6,11.500724614852174
0.0001,0.001,100,600,0.1,0.05,0.5,70.6,11.673331429659086
0.0001,0.001,100,700,0.1,0.05,0.5,74.4,12.53616989177937
0.0001,0.001,100,800,0.1,0.05,0.5,84.7,20.693799393377077
0.0001,0.001,100,900,0.1,0.05,0.5,74.8,11.429007928172167
0.0001,0.001,100,25,0.1,0.075,0.5,5.3,1.9465068427541912
0.0001,0.001,100,50,0.1,0.075,0.5,12.1,4.748099034818508
0.0001,0.001,100,75,0.1,0.075,0.5,14.7,4.877385456255112
0.0001,0.001,100,100,0.1,0.075,0.5,19.0,5.185449728701348
0.0001,0.001,100,200,0.1,0.075,0.5,25.7,2.8693785622209793
0.0001,0.001,100,300,0.1,0.075,0.5,44.2,7.814516406449389
0.0001,0.001,100,400,0.1,0.075,0.5,47.3,12.901765598380539
0.0001,0.001,100,500,0.1,0.075,0.5,52.0,9.486832980505138
0.0001,0.001,100,600,0.1,0.075,0.5,63.0,12.858201014657274
0.0001,0.001,100,700,0.1,0.075,0.5,72.2,9.577751997902917
0.0001,0.001,100,800,0.1,0.075,0.5,72.7,11.13602761810113
0.0001,0.001,100,900,0.1,0.075,0.5,90.4,12.149074038789951
0.0001,0.001,100,25,0.1,0.1,0.5,6.3,1.4944341180973264
0.0001,0.001,100,50,0.1,0.1,0.5,9.6,2.2211108331943574
0.0001,0.001,100,75,0.1,0.1,0.5,14.7,3.4334951418181574
0.0001,0.001,100,100,0.1,0.1,0.5,16.1,5.486346689738081
0.0001,0.001,100,200,0.1,0.1,0.5,31.7,6.307843442008441
0.0001,0.001,100,300,0.1,0.1,0.5,39.1,7.171703656268385
0.0001,0.001,100,400,0.1,0.1,0.5,45.8,6.390965845976995
0.0001,0.001,100,500,0.1,0.1,0.5,52.2,9.942054337230532
0.0001,0.001,100,600,0.1,0.1,0.5,58.0,10.402991022884823
0.0001,0.001,100,700,0.1,0.1,0.5,73.7,8.069834088890689
0.0001,0.001,100,800,0.1,0.1,0.5,68.0,10.263202878893768
0.0001,0.001,100,900,0.1,0.1,0.5,81.6,18.69164994797885
0.0001,0.001,100,25,0.1,0.2,0.5,7.4,2.3664319132398464
0.0001,0.001,100,50,0.1,0.2,0.5,9.6,2.988868236194653
0.0001,0.001,100,75,0.1,0.2,0.5,14.9,2.923088169119167
0.0001,0.001,100,100,0.1,0.2,0.5,17.8,4.366539438350085
0.0001,0.001,100,200,0.1,0.2,0.5,26.7,6.799509786251751
0.0001,0.001,100,300,0.1,0.2,0.5,36.7,4.762119042797837
0.0001,0.001,100,400,0.1,0.2,0.5,41.1,8.006247560499238
0.0001,0.001,100,500,0.1,0.2,0.5,50.5,6.670832032063167
0.0001,0.001,100,600,0.1,0.2,0.5,56.8,10.195859726161181
0.0001,0.001,100,700,0.1,0.2,0.5,58.5,8.809716857601675
0.0001,0.001,100,800,0.1,0.2,0.5,67.7,16.499494941765136
0.0001,0.001,100,900,0.1,0.2,0.5,71.3,11.991200477387112
0.0001,0.001,100,25,0.1,0.4,0.5,5.4,2.065591117977289
0.0001,0.001,100,50,0.1,0.4,0.5,11.0,3.8297084310253524
0.0001,0.001,100,75,0.1,0.4,0.5,14.8,3.1198290551460244
0.0001,0.001,100,100,0.1,0.4,0.5,17.0,4.47213595499958
0.0001,0.001,100,200,0.1,0.4,0.5,26.8,4.9396356140913875
0.0001,0.001,100,300,0.1,0.4,0.5,36.4,4.857983120596448
0.0001,0.001,100,400,0.1,0.4,0.5,44.0,10.749676997731399
0.0001,0.001,100,500,0.1,0.4,0.5,48.3,7.761013679496599
0.0001,0.001,100,600,0.1,0.4,0.5,55.9,11.08001203368781
0.0001,0.001,100,700,0.1,0.4,0.5,60.6,8.315981935740094
0.0001,0.001,100,800,0.1,0.4,0.5,63.0,10.687479694587598
0.0001,0.001,100,900,0.1,0.4,0.5,69.3,14.78024206687954
0.0001,0.001,100,25,0.1,0.6,0.5,6.1,2.4698178070456938
0.0001,0.001,100,50,0.1,0.6,0.5,10.4,3.0983866769659336
0.0001,0.001,100,75,0.1,0.6,0.5,12.2,3.9944405810520642
0.0001,0.001,100,100,0.1,0.6,0.5,17.1,3.4140233677518315
0.0001,0.001,100,200,0.1,0.6,0.5,26.4,3.438345855527367
0.0001,0.001,100,300,0.1,0.6,0.5,31.4,6.022181221672649
0.0001,0.001,100,400,0.1,0.6,0.5,44.7,8.44656406146573
0.0001,0.001,100,500,0.1,0.6,0.5,50.7,9.080504146552412
0.0001,0.001,100,600,0.1,0.6,0.5,61.0,8.70504323813373
0.0001,0.001,100,700,0.1,0.6,0.5,60.4,9.082339395160746
0.0001,0.001,100,800,0.1,0.6,0.5,63.2,7.37563556583431
0.0001,0.001,100,900,0.1,0.6,0.5,76.5,13.826303434637426
0.0001,0.001,100,25,0.1,0.8,0.5,6.2,2.616188916046478
0.0001,0.001,100,50,0.1,0.8,0.5,10.1,2.7264140062238043
0.0001,0.001,100,75,0.1,0.8,0.5,13.7,4.295992965026311
0.0001,0.001,100,100,0.1,0.8,0.5,17.4,4.6475800154489
0.0001,0.001,100,200,0.1,0.8,0.5,24.3,6.2012543533994435
0.0001,0.001,100,300,0.1,0.8,0.5,38.3,8.667307668602875
0.0001,0.001,100,400,0.1,0.8,0.5,40.2,9.04064894425911
0.0001,0.001,100,500,0.1,0.8,0.5,49.0,9.944289260117532
0.0001,0.001,100,600,0.1,0.8,0.5,56.7,11.324015777688292
0.0001,0.001,100,700,0.1,0.8,0.5,57.5,10.585629672133612
0.0001,0.001,100,800,0.1,0.8,0.5,61.6,9.299940262651631
0.0001,0.001,100,900,0.1,0.8,0.5,76.2,8.216514535440872
0.0001,0.001,100,25,0.1,1.0,0.5,6.3,1.766981104093143
0.0001,0.001,100,50,0.1,1.0,0.5,10.8,3.583914681524163
0.0001,0.001,100,75,0.1,1.0,0.5,13.7,2.4517567397911053
0.0001,0.001,100,100,0.1,1.0,0.5,16.6,5.966573556070519
0.0001,0.001,100,200,0.1,1.0,0.5,26.8,6.250333324444918
0.0001,0.001,100,300,0.1,1.0,0.5,35.6,3.6270588023294517
0.0001,0.001,100,400,0.1,1.0,0.5,41.4,6.899275324264136
0.0001,0.001,100,500,0.1,1.0,0.5,47.1,10.556198810809379
0.0001,0.001,100,600,0.1,1.0,0.5,53.0,12.788884062167252
0.0001,0.001,100,700,0.1,1.0,0.5,61.5,9.180292902613607
0.0001,0.001,100,800,0.1,1.0,0.5,67.2,12.568037060557847
0.0001,0.001,100,900,0.1,1.0,0.5,75.4,10.946333734279357
